year,region,Living_condition,Satisfaction,Percentage_people_satisfied,unit,source
2565,ทั่วประเทศ,ระบบสาธารณูปโภค ,รวม,100,ร้อยละ,สำนักงานสถิติแห่งชาติ
2565,ทั่วประเทศ,ระบบสาธารณูปโภค ,มากที่สุด,17.4,ร้อยละ,สำนักงานสถิติแห่งชาติ
2565,ทั่วประเทศ,ระบบสาธารณูปโภค ,มาก,58.6,ร้อยละ,สำนักงานสถิติแห่งชาติ
2565,ทั่วประเทศ,ระบบสาธารณูปโภค ,ปานกลาง,22,ร้อยละ,สำนักงานสถิติแห่งชาติ
2565,ทั่วประเทศ,ระบบสาธารณูปโภค ,น้อย,1.7,ร้อยละ,สำนักงานสถิติแห่งชาติ
2565,ทั่วประเทศ,ระบบสาธารณูปโภค ,น้อยที่สุด,0.2,ร้อยละ,สำนักงานสถิติแห่งชาติ
2565,ทั่วประเทศ,ระบบสาธารณูปโภค ,ไม่พึงพอใจเลย,0.1,ร้อยละ,สำนักงานสถิติแห่งชาติ
2565,ทั่วประเทศ,ความปลอดภัยในชีวิตและทรัพย์สิน,รวม,100,ร้อยละ,สำนักงานสถิติแห่งชาติ
2565,ทั่วประเทศ,ความปลอดภัยในชีวิตและทรัพย์สิน,มากที่สุด,15.4,ร้อยละ,สำนักงานสถิติแห่งชาติ
2565,ทั่วประเทศ,ความปลอดภัยในชีวิตและทรัพย์สิน,มาก,57.5,ร้อยละ,สำนักงานสถิติแห่งชาติ
2565,ทั่วประเทศ,ความปลอดภัยในชีวิตและทรัพย์สิน,ปานกลาง,24.7,ร้อยละ,สำนักงานสถิติแห่งชาติ
2565,ทั่วประเทศ,ความปลอดภัยในชีวิตและทรัพย์สิน,น้อย,2,ร้อยละ,สำนักงานสถิติแห่งชาติ
2565,ทั่วประเทศ,ความปลอดภัยในชีวิตและทรัพย์สิน,น้อยที่สุด,0.3,ร้อยละ,สำนักงานสถิติแห่งชาติ
2565,ทั่วประเทศ,ความปลอดภัยในชีวิตและทรัพย์สิน,ไม่พึงพอใจเลย,0.1,ร้อยละ,สำนักงานสถิติแห่งชาติ
2565,ทั่วประเทศ,ความช่วยเหลือจากคนในสังคม ,รวม,100,ร้อยละ,สำนักงานสถิติแห่งชาติ
2565,ทั่วประเทศ,ความช่วยเหลือจากคนในสังคม ,มากที่สุด,13,ร้อยละ,สำนักงานสถิติแห่งชาติ
2565,ทั่วประเทศ,ความช่วยเหลือจากคนในสังคม ,มาก,48.1,ร้อยละ,สำนักงานสถิติแห่งชาติ
2565,ทั่วประเทศ,ความช่วยเหลือจากคนในสังคม ,ปานกลาง,33,ร้อยละ,สำนักงานสถิติแห่งชาติ
2565,ทั่วประเทศ,ความช่วยเหลือจากคนในสังคม ,น้อย,5,ร้อยละ,สำนักงานสถิติแห่งชาติ
2565,ทั่วประเทศ,ความช่วยเหลือจากคนในสังคม ,น้อยที่สุด,0.8,ร้อยละ,สำนักงานสถิติแห่งชาติ
2565,ทั่วประเทศ,ความช่วยเหลือจากคนในสังคม ,ไม่พึงพอใจเลย,0.1,ร้อยละ,สำนักงานสถิติแห่งชาติ
2565,ทั่วประเทศ,ความเข้มแข็งและสามารถพึ่งพาตนเองในการประกอบอาชีพ,รวม,100,ร้อยละ,สำนักงานสถิติแห่งชาติ
2565,ทั่วประเทศ,ความเข้มแข็งและสามารถพึ่งพาตนเองในการประกอบอาชีพ,มากที่สุด,12.5,ร้อยละ,สำนักงานสถิติแห่งชาติ
2565,ทั่วประเทศ,ความเข้มแข็งและสามารถพึ่งพาตนเองในการประกอบอาชีพ,มาก,47.4,ร้อยละ,สำนักงานสถิติแห่งชาติ
2565,ทั่วประเทศ,ความเข้มแข็งและสามารถพึ่งพาตนเองในการประกอบอาชีพ,ปานกลาง,34.6,ร้อยละ,สำนักงานสถิติแห่งชาติ
2565,ทั่วประเทศ,ความเข้มแข็งและสามารถพึ่งพาตนเองในการประกอบอาชีพ,น้อย,4.7,ร้อยละ,สำนักงานสถิติแห่งชาติ
2565,ทั่วประเทศ,ความเข้มแข็งและสามารถพึ่งพาตนเองในการประกอบอาชีพ,น้อยที่สุด,0.7,ร้อยละ,สำนักงานสถิติแห่งชาติ
2565,ทั่วประเทศ,ความเข้มแข็งและสามารถพึ่งพาตนเองในการประกอบอาชีพ,ไม่พึงพอใจเลย,0.1,ร้อยละ,สำนักงานสถิติแห่งชาติ
2565,ทั่วประเทศ,ความร่วมมือระหว่างหน่วยงานภาครัฐและชุมชน/หมู่บ้านในการแก้ไขปัญหาในพื้นที่,รวม,100,ร้อยละ,สำนักงานสถิติแห่งชาติ
2565,ทั่วประเทศ,ความร่วมมือระหว่างหน่วยงานภาครัฐและชุมชน/หมู่บ้านในการแก้ไขปัญหาในพื้นที่,มากที่สุด,9,ร้อยละ,สำนักงานสถิติแห่งชาติ
2565,ทั่วประเทศ,ความร่วมมือระหว่างหน่วยงานภาครัฐและชุมชน/หมู่บ้านในการแก้ไขปัญหาในพื้นที่,มาก,41.9,ร้อยละ,สำนักงานสถิติแห่งชาติ
2565,ทั่วประเทศ,ความร่วมมือระหว่างหน่วยงานภาครัฐและชุมชน/หมู่บ้านในการแก้ไขปัญหาในพื้นที่,ปานกลาง,39.3,ร้อยละ,สำนักงานสถิติแห่งชาติ
2565,ทั่วประเทศ,ความร่วมมือระหว่างหน่วยงานภาครัฐและชุมชน/หมู่บ้านในการแก้ไขปัญหาในพื้นที่,น้อย,7.9,ร้อยละ,สำนักงานสถิติแห่งชาติ
2565,ทั่วประเทศ,ความร่วมมือระหว่างหน่วยงานภาครัฐและชุมชน/หมู่บ้านในการแก้ไขปัญหาในพื้นที่,น้อยที่สุด,1.5,ร้อยละ,สำนักงานสถิติแห่งชาติ
2565,ทั่วประเทศ,ความร่วมมือระหว่างหน่วยงานภาครัฐและชุมชน/หมู่บ้านในการแก้ไขปัญหาในพื้นที่,ไม่พึงพอใจเลย,0.4,ร้อยละ,สำนักงานสถิติแห่งชาติ
2565,ทั่วประเทศ,การได้รับข้อมูลข่าวสารต่าง ๆ เพื่อลดความเสี่ยงจากภัยพิบัติฯ,รวม,100,ร้อยละ,สำนักงานสถิติแห่งชาติ
2565,ทั่วประเทศ,การได้รับข้อมูลข่าวสารต่าง ๆ เพื่อลดความเสี่ยงจากภัยพิบัติฯ,มากที่สุด,7.1,ร้อยละ,สำนักงานสถิติแห่งชาติ
2565,ทั่วประเทศ,การได้รับข้อมูลข่าวสารต่าง ๆ เพื่อลดความเสี่ยงจากภัยพิบัติฯ,มาก,33.3,ร้อยละ,สำนักงานสถิติแห่งชาติ
2565,ทั่วประเทศ,การได้รับข้อมูลข่าวสารต่าง ๆ เพื่อลดความเสี่ยงจากภัยพิบัติฯ,ปานกลาง,41.9,ร้อยละ,สำนักงานสถิติแห่งชาติ
2565,ทั่วประเทศ,การได้รับข้อมูลข่าวสารต่าง ๆ เพื่อลดความเสี่ยงจากภัยพิบัติฯ,น้อย,13.4,ร้อยละ,สำนักงานสถิติแห่งชาติ
2565,ทั่วประเทศ,การได้รับข้อมูลข่าวสารต่าง ๆ เพื่อลดความเสี่ยงจากภัยพิบัติฯ,น้อยที่สุด,3.5,ร้อยละ,สำนักงานสถิติแห่งชาติ
2565,ทั่วประเทศ,การได้รับข้อมูลข่าวสารต่าง ๆ เพื่อลดความเสี่ยงจากภัยพิบัติฯ,ไม่พึงพอใจเลย,0.8,ร้อยละ,สำนักงานสถิติแห่งชาติ
2565,ทั่วประเทศ,การเข้าถึงแหล่งเงินทุนดอกเบี้ยต่ำ,รวม,100,ร้อยละ,สำนักงานสถิติแห่งชาติ
2565,ทั่วประเทศ,การเข้าถึงแหล่งเงินทุนดอกเบี้ยต่ำ,มากที่สุด,3.7,ร้อยละ,สำนักงานสถิติแห่งชาติ
2565,ทั่วประเทศ,การเข้าถึงแหล่งเงินทุนดอกเบี้ยต่ำ,มาก,19.8,ร้อยละ,สำนักงานสถิติแห่งชาติ
2565,ทั่วประเทศ,การเข้าถึงแหล่งเงินทุนดอกเบี้ยต่ำ,ปานกลาง,38.1,ร้อยละ,สำนักงานสถิติแห่งชาติ
2565,ทั่วประเทศ,การเข้าถึงแหล่งเงินทุนดอกเบี้ยต่ำ,น้อย,24.4,ร้อยละ,สำนักงานสถิติแห่งชาติ
2565,ทั่วประเทศ,การเข้าถึงแหล่งเงินทุนดอกเบี้ยต่ำ,น้อยที่สุด,11.3,ร้อยละ,สำนักงานสถิติแห่งชาติ
2565,ทั่วประเทศ,การเข้าถึงแหล่งเงินทุนดอกเบี้ยต่ำ,ไม่พึงพอใจเลย,2.7,ร้อยละ,สำนักงานสถิติแห่งชาติ
2565,กรุงเทพมหานคร,ระบบสาธารณูปโภค ,รวม,100,ร้อยละ,สำนักงานสถิติแห่งชาติ
2565,กรุงเทพมหานคร,ระบบสาธารณูปโภค ,มากที่สุด,24.7,ร้อยละ,สำนักงานสถิติแห่งชาติ
2565,กรุงเทพมหานคร,ระบบสาธารณูปโภค ,มาก,60.4,ร้อยละ,สำนักงานสถิติแห่งชาติ
2565,กรุงเทพมหานคร,ระบบสาธารณูปโภค ,ปานกลาง,13.8,ร้อยละ,สำนักงานสถิติแห่งชาติ
2565,กรุงเทพมหานคร,ระบบสาธารณูปโภค ,น้อย,0.7,ร้อยละ,สำนักงานสถิติแห่งชาติ
2565,กรุงเทพมหานคร,ระบบสาธารณูปโภค ,น้อยที่สุด,0.3,ร้อยละ,สำนักงานสถิติแห่งชาติ
2565,กรุงเทพมหานคร,ระบบสาธารณูปโภค ,ไม่พึงพอใจเลย,0.1,ร้อยละ,สำนักงานสถิติแห่งชาติ
2565,กรุงเทพมหานคร,ความปลอดภัยในชีวิตและทรัพย์สิน,รวม,100,ร้อยละ,สำนักงานสถิติแห่งชาติ
2565,กรุงเทพมหานคร,ความปลอดภัยในชีวิตและทรัพย์สิน,มากที่สุด,13.5,ร้อยละ,สำนักงานสถิติแห่งชาติ
2565,กรุงเทพมหานคร,ความปลอดภัยในชีวิตและทรัพย์สิน,มาก,42.1,ร้อยละ,สำนักงานสถิติแห่งชาติ
2565,กรุงเทพมหานคร,ความปลอดภัยในชีวิตและทรัพย์สิน,ปานกลาง,36.6,ร้อยละ,สำนักงานสถิติแห่งชาติ
2565,กรุงเทพมหานคร,ความปลอดภัยในชีวิตและทรัพย์สิน,น้อย,5.3,ร้อยละ,สำนักงานสถิติแห่งชาติ
2565,กรุงเทพมหานคร,ความปลอดภัยในชีวิตและทรัพย์สิน,น้อยที่สุด,2.1,ร้อยละ,สำนักงานสถิติแห่งชาติ
2565,กรุงเทพมหานคร,ความปลอดภัยในชีวิตและทรัพย์สิน,ไม่พึงพอใจเลย,0.4,ร้อยละ,สำนักงานสถิติแห่งชาติ
2565,กรุงเทพมหานคร,ความช่วยเหลือจากคนในสังคม ,รวม,100,ร้อยละ,สำนักงานสถิติแห่งชาติ
2565,กรุงเทพมหานคร,ความช่วยเหลือจากคนในสังคม ,มากที่สุด,5.2,ร้อยละ,สำนักงานสถิติแห่งชาติ
2565,กรุงเทพมหานคร,ความช่วยเหลือจากคนในสังคม ,มาก,21,ร้อยละ,สำนักงานสถิติแห่งชาติ
2565,กรุงเทพมหานคร,ความช่วยเหลือจากคนในสังคม ,ปานกลาง,52,ร้อยละ,สำนักงานสถิติแห่งชาติ
2565,กรุงเทพมหานคร,ความช่วยเหลือจากคนในสังคม ,น้อย,14.5,ร้อยละ,สำนักงานสถิติแห่งชาติ
2565,กรุงเทพมหานคร,ความช่วยเหลือจากคนในสังคม ,น้อยที่สุด,6.4,ร้อยละ,สำนักงานสถิติแห่งชาติ
2565,กรุงเทพมหานคร,ความช่วยเหลือจากคนในสังคม ,ไม่พึงพอใจเลย,0.9,ร้อยละ,สำนักงานสถิติแห่งชาติ
2565,กรุงเทพมหานคร,ความเข้มแข็งและสามารถพึ่งพาตนเองในการประกอบอาชีพ,รวม,100,ร้อยละ,สำนักงานสถิติแห่งชาติ
2565,กรุงเทพมหานคร,ความเข้มแข็งและสามารถพึ่งพาตนเองในการประกอบอาชีพ,มากที่สุด,10.9,ร้อยละ,สำนักงานสถิติแห่งชาติ
2565,กรุงเทพมหานคร,ความเข้มแข็งและสามารถพึ่งพาตนเองในการประกอบอาชีพ,มาก,38.7,ร้อยละ,สำนักงานสถิติแห่งชาติ
2565,กรุงเทพมหานคร,ความเข้มแข็งและสามารถพึ่งพาตนเองในการประกอบอาชีพ,ปานกลาง,39.9,ร้อยละ,สำนักงานสถิติแห่งชาติ
2565,กรุงเทพมหานคร,ความเข้มแข็งและสามารถพึ่งพาตนเองในการประกอบอาชีพ,น้อย,8.2,ร้อยละ,สำนักงานสถิติแห่งชาติ
2565,กรุงเทพมหานคร,ความเข้มแข็งและสามารถพึ่งพาตนเองในการประกอบอาชีพ,น้อยที่สุด,1.9,ร้อยละ,สำนักงานสถิติแห่งชาติ
2565,กรุงเทพมหานคร,ความเข้มแข็งและสามารถพึ่งพาตนเองในการประกอบอาชีพ,ไม่พึงพอใจเลย,0.4,ร้อยละ,สำนักงานสถิติแห่งชาติ
2565,กรุงเทพมหานคร,ความร่วมมือระหว่างหน่วยงานภาครัฐและชุมชน/หมู่บ้านในการแก้ไขปัญหาในพื้นที่,รวม,100,ร้อยละ,สำนักงานสถิติแห่งชาติ
2565,กรุงเทพมหานคร,ความร่วมมือระหว่างหน่วยงานภาครัฐและชุมชน/หมู่บ้านในการแก้ไขปัญหาในพื้นที่,มากที่สุด,2.9,ร้อยละ,สำนักงานสถิติแห่งชาติ
2565,กรุงเทพมหานคร,ความร่วมมือระหว่างหน่วยงานภาครัฐและชุมชน/หมู่บ้านในการแก้ไขปัญหาในพื้นที่,มาก,12.8,ร้อยละ,สำนักงานสถิติแห่งชาติ
2565,กรุงเทพมหานคร,ความร่วมมือระหว่างหน่วยงานภาครัฐและชุมชน/หมู่บ้านในการแก้ไขปัญหาในพื้นที่,ปานกลาง,45.1,ร้อยละ,สำนักงานสถิติแห่งชาติ
2565,กรุงเทพมหานคร,ความร่วมมือระหว่างหน่วยงานภาครัฐและชุมชน/หมู่บ้านในการแก้ไขปัญหาในพื้นที่,น้อย,23.4,ร้อยละ,สำนักงานสถิติแห่งชาติ
2565,กรุงเทพมหานคร,ความร่วมมือระหว่างหน่วยงานภาครัฐและชุมชน/หมู่บ้านในการแก้ไขปัญหาในพื้นที่,น้อยที่สุด,12,ร้อยละ,สำนักงานสถิติแห่งชาติ
2565,กรุงเทพมหานคร,ความร่วมมือระหว่างหน่วยงานภาครัฐและชุมชน/หมู่บ้านในการแก้ไขปัญหาในพื้นที่,ไม่พึงพอใจเลย,3.8,ร้อยละ,สำนักงานสถิติแห่งชาติ
2565,กรุงเทพมหานคร,การได้รับข้อมูลข่าวสารต่าง ๆ เพื่อลดความเสี่ยงจากภัยพิบัติฯ,รวม,100,ร้อยละ,สำนักงานสถิติแห่งชาติ
2565,กรุงเทพมหานคร,การได้รับข้อมูลข่าวสารต่าง ๆ เพื่อลดความเสี่ยงจากภัยพิบัติฯ,มากที่สุด,3.7,ร้อยละ,สำนักงานสถิติแห่งชาติ
2565,กรุงเทพมหานคร,การได้รับข้อมูลข่าวสารต่าง ๆ เพื่อลดความเสี่ยงจากภัยพิบัติฯ,มาก,17.4,ร้อยละ,สำนักงานสถิติแห่งชาติ
2565,กรุงเทพมหานคร,การได้รับข้อมูลข่าวสารต่าง ๆ เพื่อลดความเสี่ยงจากภัยพิบัติฯ,ปานกลาง,40.6,ร้อยละ,สำนักงานสถิติแห่งชาติ
2565,กรุงเทพมหานคร,การได้รับข้อมูลข่าวสารต่าง ๆ เพื่อลดความเสี่ยงจากภัยพิบัติฯ,น้อย,17.6,ร้อยละ,สำนักงานสถิติแห่งชาติ
2565,กรุงเทพมหานคร,การได้รับข้อมูลข่าวสารต่าง ๆ เพื่อลดความเสี่ยงจากภัยพิบัติฯ,น้อยที่สุด,13,ร้อยละ,สำนักงานสถิติแห่งชาติ
2565,กรุงเทพมหานคร,การได้รับข้อมูลข่าวสารต่าง ๆ เพื่อลดความเสี่ยงจากภัยพิบัติฯ,ไม่พึงพอใจเลย,7.7,ร้อยละ,สำนักงานสถิติแห่งชาติ
2565,กรุงเทพมหานคร,การเข้าถึงแหล่งเงินทุนดอกเบี้ยต่ำ,รวม,100,ร้อยละ,สำนักงานสถิติแห่งชาติ
2565,กรุงเทพมหานคร,การเข้าถึงแหล่งเงินทุนดอกเบี้ยต่ำ,มากที่สุด,1,ร้อยละ,สำนักงานสถิติแห่งชาติ
2565,กรุงเทพมหานคร,การเข้าถึงแหล่งเงินทุนดอกเบี้ยต่ำ,มาก,7.6,ร้อยละ,สำนักงานสถิติแห่งชาติ
2565,กรุงเทพมหานคร,การเข้าถึงแหล่งเงินทุนดอกเบี้ยต่ำ,ปานกลาง,30.2,ร้อยละ,สำนักงานสถิติแห่งชาติ
2565,กรุงเทพมหานคร,การเข้าถึงแหล่งเงินทุนดอกเบี้ยต่ำ,น้อย,29.6,ร้อยละ,สำนักงานสถิติแห่งชาติ
2565,กรุงเทพมหานคร,การเข้าถึงแหล่งเงินทุนดอกเบี้ยต่ำ,น้อยที่สุด,23.1,ร้อยละ,สำนักงานสถิติแห่งชาติ
2565,กรุงเทพมหานคร,การเข้าถึงแหล่งเงินทุนดอกเบี้ยต่ำ,ไม่พึงพอใจเลย,8.5,ร้อยละ,สำนักงานสถิติแห่งชาติ
2565,ภาคกลาง,ระบบสาธารณูปโภค ,รวม,100,ร้อยละ,สำนักงานสถิติแห่งชาติ
2565,ภาคกลาง,ระบบสาธารณูปโภค ,มากที่สุด,18.8,ร้อยละ,สำนักงานสถิติแห่งชาติ
2565,ภาคกลาง,ระบบสาธารณูปโภค ,มาก,56,ร้อยละ,สำนักงานสถิติแห่งชาติ
2565,ภาคกลาง,ระบบสาธารณูปโภค ,ปานกลาง,23.4,ร้อยละ,สำนักงานสถิติแห่งชาติ
2565,ภาคกลาง,ระบบสาธารณูปโภค ,น้อย,1.6,ร้อยละ,สำนักงานสถิติแห่งชาติ
2565,ภาคกลาง,ระบบสาธารณูปโภค ,น้อยที่สุด,0.1,ร้อยละ,สำนักงานสถิติแห่งชาติ
2565,ภาคกลาง,ระบบสาธารณูปโภค ,ไม่พึงพอใจเลย,0.1,ร้อยละ,สำนักงานสถิติแห่งชาติ
2565,ภาคกลาง,ความปลอดภัยในชีวิตและทรัพย์สิน,รวม,100,ร้อยละ,สำนักงานสถิติแห่งชาติ
2565,ภาคกลาง,ความปลอดภัยในชีวิตและทรัพย์สิน,มากที่สุด,14.8,ร้อยละ,สำนักงานสถิติแห่งชาติ
2565,ภาคกลาง,ความปลอดภัยในชีวิตและทรัพย์สิน,มาก,51.3,ร้อยละ,สำนักงานสถิติแห่งชาติ
2565,ภาคกลาง,ความปลอดภัยในชีวิตและทรัพย์สิน,ปานกลาง,29.7,ร้อยละ,สำนักงานสถิติแห่งชาติ
2565,ภาคกลาง,ความปลอดภัยในชีวิตและทรัพย์สิน,น้อย,3.7,ร้อยละ,สำนักงานสถิติแห่งชาติ
2565,ภาคกลาง,ความปลอดภัยในชีวิตและทรัพย์สิน,น้อยที่สุด,0.4,ร้อยละ,สำนักงานสถิติแห่งชาติ
2565,ภาคกลาง,ความปลอดภัยในชีวิตและทรัพย์สิน,ไม่พึงพอใจเลย,0.1,ร้อยละ,สำนักงานสถิติแห่งชาติ
2565,ภาคกลาง,ความช่วยเหลือจากคนในสังคม ,รวม,100,ร้อยละ,สำนักงานสถิติแห่งชาติ
2565,ภาคกลาง,ความช่วยเหลือจากคนในสังคม ,มากที่สุด,13.3,ร้อยละ,สำนักงานสถิติแห่งชาติ
2565,ภาคกลาง,ความช่วยเหลือจากคนในสังคม ,มาก,40.1,ร้อยละ,สำนักงานสถิติแห่งชาติ
2565,ภาคกลาง,ความช่วยเหลือจากคนในสังคม ,ปานกลาง,37.6,ร้อยละ,สำนักงานสถิติแห่งชาติ
2565,ภาคกลาง,ความช่วยเหลือจากคนในสังคม ,น้อย,7.8,ร้อยละ,สำนักงานสถิติแห่งชาติ
2565,ภาคกลาง,ความช่วยเหลือจากคนในสังคม ,น้อยที่สุด,1.1,ร้อยละ,สำนักงานสถิติแห่งชาติ
2565,ภาคกลาง,ความช่วยเหลือจากคนในสังคม ,ไม่พึงพอใจเลย,0.1,ร้อยละ,สำนักงานสถิติแห่งชาติ
2565,ภาคกลาง,ความเข้มแข็งและสามารถพึ่งพาตนเองในการประกอบอาชีพ,รวม,100,ร้อยละ,สำนักงานสถิติแห่งชาติ
2565,ภาคกลาง,ความเข้มแข็งและสามารถพึ่งพาตนเองในการประกอบอาชีพ,มากที่สุด,12.9,ร้อยละ,สำนักงานสถิติแห่งชาติ
2565,ภาคกลาง,ความเข้มแข็งและสามารถพึ่งพาตนเองในการประกอบอาชีพ,มาก,41.9,ร้อยละ,สำนักงานสถิติแห่งชาติ
2565,ภาคกลาง,ความเข้มแข็งและสามารถพึ่งพาตนเองในการประกอบอาชีพ,ปานกลาง,38.2,ร้อยละ,สำนักงานสถิติแห่งชาติ
2565,ภาคกลาง,ความเข้มแข็งและสามารถพึ่งพาตนเองในการประกอบอาชีพ,น้อย,5.9,ร้อยละ,สำนักงานสถิติแห่งชาติ
2565,ภาคกลาง,ความเข้มแข็งและสามารถพึ่งพาตนเองในการประกอบอาชีพ,น้อยที่สุด,0.9,ร้อยละ,สำนักงานสถิติแห่งชาติ
2565,ภาคกลาง,ความเข้มแข็งและสามารถพึ่งพาตนเองในการประกอบอาชีพ,ไม่พึงพอใจเลย,0.2,ร้อยละ,สำนักงานสถิติแห่งชาติ
2565,ภาคกลาง,ความร่วมมือระหว่างหน่วยงานภาครัฐและชุมชน/หมู่บ้านในการแก้ไขปัญหาในพื้นที่,รวม,100,ร้อยละ,สำนักงานสถิติแห่งชาติ
2565,ภาคกลาง,ความร่วมมือระหว่างหน่วยงานภาครัฐและชุมชน/หมู่บ้านในการแก้ไขปัญหาในพื้นที่,มากที่สุด,9.6,ร้อยละ,สำนักงานสถิติแห่งชาติ
2565,ภาคกลาง,ความร่วมมือระหว่างหน่วยงานภาครัฐและชุมชน/หมู่บ้านในการแก้ไขปัญหาในพื้นที่,มาก,32.7,ร้อยละ,สำนักงานสถิติแห่งชาติ
2565,ภาคกลาง,ความร่วมมือระหว่างหน่วยงานภาครัฐและชุมชน/หมู่บ้านในการแก้ไขปัญหาในพื้นที่,ปานกลาง,43.5,ร้อยละ,สำนักงานสถิติแห่งชาติ
2565,ภาคกลาง,ความร่วมมือระหว่างหน่วยงานภาครัฐและชุมชน/หมู่บ้านในการแก้ไขปัญหาในพื้นที่,น้อย,11.8,ร้อยละ,สำนักงานสถิติแห่งชาติ
2565,ภาคกลาง,ความร่วมมือระหว่างหน่วยงานภาครัฐและชุมชน/หมู่บ้านในการแก้ไขปัญหาในพื้นที่,น้อยที่สุด,2.1,ร้อยละ,สำนักงานสถิติแห่งชาติ
2565,ภาคกลาง,ความร่วมมือระหว่างหน่วยงานภาครัฐและชุมชน/หมู่บ้านในการแก้ไขปัญหาในพื้นที่,ไม่พึงพอใจเลย,0.3,ร้อยละ,สำนักงานสถิติแห่งชาติ
2565,ภาคกลาง,การได้รับข้อมูลข่าวสารต่าง ๆ เพื่อลดความเสี่ยงจากภัยพิบัติฯ,รวม,100,ร้อยละ,สำนักงานสถิติแห่งชาติ
2565,ภาคกลาง,การได้รับข้อมูลข่าวสารต่าง ๆ เพื่อลดความเสี่ยงจากภัยพิบัติฯ,มากที่สุด,7.6,ร้อยละ,สำนักงานสถิติแห่งชาติ
2565,ภาคกลาง,การได้รับข้อมูลข่าวสารต่าง ๆ เพื่อลดความเสี่ยงจากภัยพิบัติฯ,มาก,28.8,ร้อยละ,สำนักงานสถิติแห่งชาติ
2565,ภาคกลาง,การได้รับข้อมูลข่าวสารต่าง ๆ เพื่อลดความเสี่ยงจากภัยพิบัติฯ,ปานกลาง,42.7,ร้อยละ,สำนักงานสถิติแห่งชาติ
2565,ภาคกลาง,การได้รับข้อมูลข่าวสารต่าง ๆ เพื่อลดความเสี่ยงจากภัยพิบัติฯ,น้อย,15.7,ร้อยละ,สำนักงานสถิติแห่งชาติ
2565,ภาคกลาง,การได้รับข้อมูลข่าวสารต่าง ๆ เพื่อลดความเสี่ยงจากภัยพิบัติฯ,น้อยที่สุด,4.5,ร้อยละ,สำนักงานสถิติแห่งชาติ
2565,ภาคกลาง,การได้รับข้อมูลข่าวสารต่าง ๆ เพื่อลดความเสี่ยงจากภัยพิบัติฯ,ไม่พึงพอใจเลย,0.7,ร้อยละ,สำนักงานสถิติแห่งชาติ
2565,ภาคกลาง,การเข้าถึงแหล่งเงินทุนดอกเบี้ยต่ำ,รวม,100,ร้อยละ,สำนักงานสถิติแห่งชาติ
2565,ภาคกลาง,การเข้าถึงแหล่งเงินทุนดอกเบี้ยต่ำ,มากที่สุด,4.4,ร้อยละ,สำนักงานสถิติแห่งชาติ
2565,ภาคกลาง,การเข้าถึงแหล่งเงินทุนดอกเบี้ยต่ำ,มาก,15.2,ร้อยละ,สำนักงานสถิติแห่งชาติ
2565,ภาคกลาง,การเข้าถึงแหล่งเงินทุนดอกเบี้ยต่ำ,ปานกลาง,37.4,ร้อยละ,สำนักงานสถิติแห่งชาติ
2565,ภาคกลาง,การเข้าถึงแหล่งเงินทุนดอกเบี้ยต่ำ,น้อย,25.7,ร้อยละ,สำนักงานสถิติแห่งชาติ
2565,ภาคกลาง,การเข้าถึงแหล่งเงินทุนดอกเบี้ยต่ำ,น้อยที่สุด,14.3,ร้อยละ,สำนักงานสถิติแห่งชาติ
2565,ภาคกลาง,การเข้าถึงแหล่งเงินทุนดอกเบี้ยต่ำ,ไม่พึงพอใจเลย,3,ร้อยละ,สำนักงานสถิติแห่งชาติ
2565,ภาคใต้,ระบบสาธารณูปโภค ,รวม,100,ร้อยละ,สำนักงานสถิติแห่งชาติ
2565,ภาคใต้,ระบบสาธารณูปโภค ,มากที่สุด,15.8,ร้อยละ,สำนักงานสถิติแห่งชาติ
2565,ภาคใต้,ระบบสาธารณูปโภค ,มาก,57.9,ร้อยละ,สำนักงานสถิติแห่งชาติ
2565,ภาคใต้,ระบบสาธารณูปโภค ,ปานกลาง,23.3,ร้อยละ,สำนักงานสถิติแห่งชาติ
2565,ภาคใต้,ระบบสาธารณูปโภค ,น้อย,2.4,ร้อยละ,สำนักงานสถิติแห่งชาติ
2565,ภาคใต้,ระบบสาธารณูปโภค ,น้อยที่สุด,0.4,ร้อยละ,สำนักงานสถิติแห่งชาติ
2565,ภาคใต้,ระบบสาธารณูปโภค ,ไม่พึงพอใจเลย,0.2,ร้อยละ,สำนักงานสถิติแห่งชาติ
2565,ภาคใต้,ความปลอดภัยในชีวิตและทรัพย์สิน,รวม,100,ร้อยละ,สำนักงานสถิติแห่งชาติ
2565,ภาคใต้,ความปลอดภัยในชีวิตและทรัพย์สิน,มากที่สุด,14.1,ร้อยละ,สำนักงานสถิติแห่งชาติ
2565,ภาคใต้,ความปลอดภัยในชีวิตและทรัพย์สิน,มาก,57.2,ร้อยละ,สำนักงานสถิติแห่งชาติ
2565,ภาคใต้,ความปลอดภัยในชีวิตและทรัพย์สิน,ปานกลาง,25.6,ร้อยละ,สำนักงานสถิติแห่งชาติ
2565,ภาคใต้,ความปลอดภัยในชีวิตและทรัพย์สิน,น้อย,2.5,ร้อยละ,สำนักงานสถิติแห่งชาติ
2565,ภาคใต้,ความปลอดภัยในชีวิตและทรัพย์สิน,น้อยที่สุด,0.5,ร้อยละ,สำนักงานสถิติแห่งชาติ
2565,ภาคใต้,ความปลอดภัยในชีวิตและทรัพย์สิน,ไม่พึงพอใจเลย,0.1,ร้อยละ,สำนักงานสถิติแห่งชาติ
2565,ภาคใต้,ความช่วยเหลือจากคนในสังคม ,รวม,100,ร้อยละ,สำนักงานสถิติแห่งชาติ
2565,ภาคใต้,ความช่วยเหลือจากคนในสังคม ,มากที่สุด,11.6,ร้อยละ,สำนักงานสถิติแห่งชาติ
2565,ภาคใต้,ความช่วยเหลือจากคนในสังคม ,มาก,49,ร้อยละ,สำนักงานสถิติแห่งชาติ
2565,ภาคใต้,ความช่วยเหลือจากคนในสังคม ,ปานกลาง,33.6,ร้อยละ,สำนักงานสถิติแห่งชาติ
2565,ภาคใต้,ความช่วยเหลือจากคนในสังคม ,น้อย,5.1,ร้อยละ,สำนักงานสถิติแห่งชาติ
2565,ภาคใต้,ความช่วยเหลือจากคนในสังคม ,น้อยที่สุด,0.6,ร้อยละ,สำนักงานสถิติแห่งชาติ
2565,ภาคใต้,ความช่วยเหลือจากคนในสังคม ,ไม่พึงพอใจเลย,0.1,ร้อยละ,สำนักงานสถิติแห่งชาติ
2565,ภาคใต้,ความเข้มแข็งและสามารถพึ่งพาตนเองในการประกอบอาชีพ,รวม,100,ร้อยละ,สำนักงานสถิติแห่งชาติ
2565,ภาคใต้,ความเข้มแข็งและสามารถพึ่งพาตนเองในการประกอบอาชีพ,มากที่สุด,11.1,ร้อยละ,สำนักงานสถิติแห่งชาติ
2565,ภาคใต้,ความเข้มแข็งและสามารถพึ่งพาตนเองในการประกอบอาชีพ,มาก,50.1,ร้อยละ,สำนักงานสถิติแห่งชาติ
2565,ภาคใต้,ความเข้มแข็งและสามารถพึ่งพาตนเองในการประกอบอาชีพ,ปานกลาง,32.9,ร้อยละ,สำนักงานสถิติแห่งชาติ
2565,ภาคใต้,ความเข้มแข็งและสามารถพึ่งพาตนเองในการประกอบอาชีพ,น้อย,5.1,ร้อยละ,สำนักงานสถิติแห่งชาติ
2565,ภาคใต้,ความเข้มแข็งและสามารถพึ่งพาตนเองในการประกอบอาชีพ,น้อยที่สุด,0.7,ร้อยละ,สำนักงานสถิติแห่งชาติ
2565,ภาคใต้,ความเข้มแข็งและสามารถพึ่งพาตนเองในการประกอบอาชีพ,ไม่พึงพอใจเลย,0.1,ร้อยละ,สำนักงานสถิติแห่งชาติ
2565,ภาคใต้,ความร่วมมือระหว่างหน่วยงานภาครัฐและชุมชน/หมู่บ้านในการแก้ไขปัญหาในพื้นที่,รวม,100,ร้อยละ,สำนักงานสถิติแห่งชาติ
2565,ภาคใต้,ความร่วมมือระหว่างหน่วยงานภาครัฐและชุมชน/หมู่บ้านในการแก้ไขปัญหาในพื้นที่,มากที่สุด,6.5,ร้อยละ,สำนักงานสถิติแห่งชาติ
2565,ภาคใต้,ความร่วมมือระหว่างหน่วยงานภาครัฐและชุมชน/หมู่บ้านในการแก้ไขปัญหาในพื้นที่,มาก,43.7,ร้อยละ,สำนักงานสถิติแห่งชาติ
2565,ภาคใต้,ความร่วมมือระหว่างหน่วยงานภาครัฐและชุมชน/หมู่บ้านในการแก้ไขปัญหาในพื้นที่,ปานกลาง,38.7,ร้อยละ,สำนักงานสถิติแห่งชาติ
2565,ภาคใต้,ความร่วมมือระหว่างหน่วยงานภาครัฐและชุมชน/หมู่บ้านในการแก้ไขปัญหาในพื้นที่,น้อย,9,ร้อยละ,สำนักงานสถิติแห่งชาติ
2565,ภาคใต้,ความร่วมมือระหว่างหน่วยงานภาครัฐและชุมชน/หมู่บ้านในการแก้ไขปัญหาในพื้นที่,น้อยที่สุด,1.6,ร้อยละ,สำนักงานสถิติแห่งชาติ
2565,ภาคใต้,ความร่วมมือระหว่างหน่วยงานภาครัฐและชุมชน/หมู่บ้านในการแก้ไขปัญหาในพื้นที่,ไม่พึงพอใจเลย,0.5,ร้อยละ,สำนักงานสถิติแห่งชาติ
2565,ภาคใต้,การได้รับข้อมูลข่าวสารต่าง ๆ เพื่อลดความเสี่ยงจากภัยพิบัติฯ,รวม,100,ร้อยละ,สำนักงานสถิติแห่งชาติ
2565,ภาคใต้,การได้รับข้อมูลข่าวสารต่าง ๆ เพื่อลดความเสี่ยงจากภัยพิบัติฯ,มากที่สุด,7,ร้อยละ,สำนักงานสถิติแห่งชาติ
2565,ภาคใต้,การได้รับข้อมูลข่าวสารต่าง ๆ เพื่อลดความเสี่ยงจากภัยพิบัติฯ,มาก,37.3,ร้อยละ,สำนักงานสถิติแห่งชาติ
2565,ภาคใต้,การได้รับข้อมูลข่าวสารต่าง ๆ เพื่อลดความเสี่ยงจากภัยพิบัติฯ,ปานกลาง,38.1,ร้อยละ,สำนักงานสถิติแห่งชาติ
2565,ภาคใต้,การได้รับข้อมูลข่าวสารต่าง ๆ เพื่อลดความเสี่ยงจากภัยพิบัติฯ,น้อย,13.4,ร้อยละ,สำนักงานสถิติแห่งชาติ
2565,ภาคใต้,การได้รับข้อมูลข่าวสารต่าง ๆ เพื่อลดความเสี่ยงจากภัยพิบัติฯ,น้อยที่สุด,3.4,ร้อยละ,สำนักงานสถิติแห่งชาติ
2565,ภาคใต้,การได้รับข้อมูลข่าวสารต่าง ๆ เพื่อลดความเสี่ยงจากภัยพิบัติฯ,ไม่พึงพอใจเลย,0.8,ร้อยละ,สำนักงานสถิติแห่งชาติ
2565,ภาคใต้,การเข้าถึงแหล่งเงินทุนดอกเบี้ยต่ำ,รวม,100,ร้อยละ,สำนักงานสถิติแห่งชาติ
2565,ภาคใต้,การเข้าถึงแหล่งเงินทุนดอกเบี้ยต่ำ,มากที่สุด,3.5,ร้อยละ,สำนักงานสถิติแห่งชาติ
2565,ภาคใต้,การเข้าถึงแหล่งเงินทุนดอกเบี้ยต่ำ,มาก,20,ร้อยละ,สำนักงานสถิติแห่งชาติ
2565,ภาคใต้,การเข้าถึงแหล่งเงินทุนดอกเบี้ยต่ำ,ปานกลาง,35.2,ร้อยละ,สำนักงานสถิติแห่งชาติ
2565,ภาคใต้,การเข้าถึงแหล่งเงินทุนดอกเบี้ยต่ำ,น้อย,25.5,ร้อยละ,สำนักงานสถิติแห่งชาติ
2565,ภาคใต้,การเข้าถึงแหล่งเงินทุนดอกเบี้ยต่ำ,น้อยที่สุด,12.8,ร้อยละ,สำนักงานสถิติแห่งชาติ
2565,ภาคใต้,การเข้าถึงแหล่งเงินทุนดอกเบี้ยต่ำ,ไม่พึงพอใจเลย,3,ร้อยละ,สำนักงานสถิติแห่งชาติ
2565,ภาคใต้ชายแดน,ระบบสาธารณูปโภค ,รวม,100,ร้อยละ,สำนักงานสถิติแห่งชาติ
2565,ภาคใต้ชายแดน,ระบบสาธารณูปโภค ,มากที่สุด,15.9,ร้อยละ,สำนักงานสถิติแห่งชาติ
2565,ภาคใต้ชายแดน,ระบบสาธารณูปโภค ,มาก,62.3,ร้อยละ,สำนักงานสถิติแห่งชาติ
2565,ภาคใต้ชายแดน,ระบบสาธารณูปโภค ,ปานกลาง,20,ร้อยละ,สำนักงานสถิติแห่งชาติ
2565,ภาคใต้ชายแดน,ระบบสาธารณูปโภค ,น้อย,1.6,ร้อยละ,สำนักงานสถิติแห่งชาติ
2565,ภาคใต้ชายแดน,ระบบสาธารณูปโภค ,น้อยที่สุด,0.2,ร้อยละ,สำนักงานสถิติแห่งชาติ
2565,ภาคใต้ชายแดน,ระบบสาธารณูปโภค ,ไม่พึงพอใจเลย,0,ร้อยละ,สำนักงานสถิติแห่งชาติ
2565,ภาคใต้ชายแดน,ความปลอดภัยในชีวิตและทรัพย์สิน,รวม,100,ร้อยละ,สำนักงานสถิติแห่งชาติ
2565,ภาคใต้ชายแดน,ความปลอดภัยในชีวิตและทรัพย์สิน,มากที่สุด,13.7,ร้อยละ,สำนักงานสถิติแห่งชาติ
2565,ภาคใต้ชายแดน,ความปลอดภัยในชีวิตและทรัพย์สิน,มาก,62.7,ร้อยละ,สำนักงานสถิติแห่งชาติ
2565,ภาคใต้ชายแดน,ความปลอดภัยในชีวิตและทรัพย์สิน,ปานกลาง,21.2,ร้อยละ,สำนักงานสถิติแห่งชาติ
2565,ภาคใต้ชายแดน,ความปลอดภัยในชีวิตและทรัพย์สิน,น้อย,1.8,ร้อยละ,สำนักงานสถิติแห่งชาติ
2565,ภาคใต้ชายแดน,ความปลอดภัยในชีวิตและทรัพย์สิน,น้อยที่สุด,0.5,ร้อยละ,สำนักงานสถิติแห่งชาติ
2565,ภาคใต้ชายแดน,ความปลอดภัยในชีวิตและทรัพย์สิน,ไม่พึงพอใจเลย,0.1,ร้อยละ,สำนักงานสถิติแห่งชาติ
2565,ภาคใต้ชายแดน,ความช่วยเหลือจากคนในสังคม ,รวม,100,ร้อยละ,สำนักงานสถิติแห่งชาติ
2565,ภาคใต้ชายแดน,ความช่วยเหลือจากคนในสังคม ,มากที่สุด,13.6,ร้อยละ,สำนักงานสถิติแห่งชาติ
2565,ภาคใต้ชายแดน,ความช่วยเหลือจากคนในสังคม ,มาก,53.4,ร้อยละ,สำนักงานสถิติแห่งชาติ
2565,ภาคใต้ชายแดน,ความช่วยเหลือจากคนในสังคม ,ปานกลาง,28.6,ร้อยละ,สำนักงานสถิติแห่งชาติ
2565,ภาคใต้ชายแดน,ความช่วยเหลือจากคนในสังคม ,น้อย,4,ร้อยละ,สำนักงานสถิติแห่งชาติ
2565,ภาคใต้ชายแดน,ความช่วยเหลือจากคนในสังคม ,น้อยที่สุด,0.4,ร้อยละ,สำนักงานสถิติแห่งชาติ
2565,ภาคใต้ชายแดน,ความช่วยเหลือจากคนในสังคม ,ไม่พึงพอใจเลย,0,ร้อยละ,สำนักงานสถิติแห่งชาติ
2565,ภาคใต้ชายแดน,ความเข้มแข็งและสามารถพึ่งพาตนเองในการประกอบอาชีพ,รวม,100,ร้อยละ,สำนักงานสถิติแห่งชาติ
2565,ภาคใต้ชายแดน,ความเข้มแข็งและสามารถพึ่งพาตนเองในการประกอบอาชีพ,มากที่สุด,12.8,ร้อยละ,สำนักงานสถิติแห่งชาติ
2565,ภาคใต้ชายแดน,ความเข้มแข็งและสามารถพึ่งพาตนเองในการประกอบอาชีพ,มาก,46.6,ร้อยละ,สำนักงานสถิติแห่งชาติ
2565,ภาคใต้ชายแดน,ความเข้มแข็งและสามารถพึ่งพาตนเองในการประกอบอาชีพ,ปานกลาง,33.5,ร้อยละ,สำนักงานสถิติแห่งชาติ
2565,ภาคใต้ชายแดน,ความเข้มแข็งและสามารถพึ่งพาตนเองในการประกอบอาชีพ,น้อย,5.6,ร้อยละ,สำนักงานสถิติแห่งชาติ
2565,ภาคใต้ชายแดน,ความเข้มแข็งและสามารถพึ่งพาตนเองในการประกอบอาชีพ,น้อยที่สุด,1.4,ร้อยละ,สำนักงานสถิติแห่งชาติ
2565,ภาคใต้ชายแดน,ความเข้มแข็งและสามารถพึ่งพาตนเองในการประกอบอาชีพ,ไม่พึงพอใจเลย,0.1,ร้อยละ,สำนักงานสถิติแห่งชาติ
2565,ภาคใต้ชายแดน,ความร่วมมือระหว่างหน่วยงานภาครัฐและชุมชน/หมู่บ้านในการแก้ไขปัญหาในพื้นที่,รวม,100,ร้อยละ,สำนักงานสถิติแห่งชาติ
2565,ภาคใต้ชายแดน,ความร่วมมือระหว่างหน่วยงานภาครัฐและชุมชน/หมู่บ้านในการแก้ไขปัญหาในพื้นที่,มากที่สุด,8.5,ร้อยละ,สำนักงานสถิติแห่งชาติ
2565,ภาคใต้ชายแดน,ความร่วมมือระหว่างหน่วยงานภาครัฐและชุมชน/หมู่บ้านในการแก้ไขปัญหาในพื้นที่,มาก,40.3,ร้อยละ,สำนักงานสถิติแห่งชาติ
2565,ภาคใต้ชายแดน,ความร่วมมือระหว่างหน่วยงานภาครัฐและชุมชน/หมู่บ้านในการแก้ไขปัญหาในพื้นที่,ปานกลาง,40.5,ร้อยละ,สำนักงานสถิติแห่งชาติ
2565,ภาคใต้ชายแดน,ความร่วมมือระหว่างหน่วยงานภาครัฐและชุมชน/หมู่บ้านในการแก้ไขปัญหาในพื้นที่,น้อย,8.7,ร้อยละ,สำนักงานสถิติแห่งชาติ
2565,ภาคใต้ชายแดน,ความร่วมมือระหว่างหน่วยงานภาครัฐและชุมชน/หมู่บ้านในการแก้ไขปัญหาในพื้นที่,น้อยที่สุด,1.5,ร้อยละ,สำนักงานสถิติแห่งชาติ
2565,ภาคใต้ชายแดน,ความร่วมมือระหว่างหน่วยงานภาครัฐและชุมชน/หมู่บ้านในการแก้ไขปัญหาในพื้นที่,ไม่พึงพอใจเลย,0.5,ร้อยละ,สำนักงานสถิติแห่งชาติ
2565,ภาคใต้ชายแดน,การได้รับข้อมูลข่าวสารต่าง ๆ เพื่อลดความเสี่ยงจากภัยพิบัติฯ,รวม,100,ร้อยละ,สำนักงานสถิติแห่งชาติ
2565,ภาคใต้ชายแดน,การได้รับข้อมูลข่าวสารต่าง ๆ เพื่อลดความเสี่ยงจากภัยพิบัติฯ,มากที่สุด,5.1,ร้อยละ,สำนักงานสถิติแห่งชาติ
2565,ภาคใต้ชายแดน,การได้รับข้อมูลข่าวสารต่าง ๆ เพื่อลดความเสี่ยงจากภัยพิบัติฯ,มาก,30.9,ร้อยละ,สำนักงานสถิติแห่งชาติ
2565,ภาคใต้ชายแดน,การได้รับข้อมูลข่าวสารต่าง ๆ เพื่อลดความเสี่ยงจากภัยพิบัติฯ,ปานกลาง,39,ร้อยละ,สำนักงานสถิติแห่งชาติ
2565,ภาคใต้ชายแดน,การได้รับข้อมูลข่าวสารต่าง ๆ เพื่อลดความเสี่ยงจากภัยพิบัติฯ,น้อย,18.5,ร้อยละ,สำนักงานสถิติแห่งชาติ
2565,ภาคใต้ชายแดน,การได้รับข้อมูลข่าวสารต่าง ๆ เพื่อลดความเสี่ยงจากภัยพิบัติฯ,น้อยที่สุด,5.4,ร้อยละ,สำนักงานสถิติแห่งชาติ
2565,ภาคใต้ชายแดน,การได้รับข้อมูลข่าวสารต่าง ๆ เพื่อลดความเสี่ยงจากภัยพิบัติฯ,ไม่พึงพอใจเลย,1.1,ร้อยละ,สำนักงานสถิติแห่งชาติ
2565,ภาคใต้ชายแดน,การเข้าถึงแหล่งเงินทุนดอกเบี้ยต่ำ,รวม,100,ร้อยละ,สำนักงานสถิติแห่งชาติ
2565,ภาคใต้ชายแดน,การเข้าถึงแหล่งเงินทุนดอกเบี้ยต่ำ,มากที่สุด,0.5,ร้อยละ,สำนักงานสถิติแห่งชาติ
2565,ภาคใต้ชายแดน,การเข้าถึงแหล่งเงินทุนดอกเบี้ยต่ำ,มาก,8.8,ร้อยละ,สำนักงานสถิติแห่งชาติ
2565,ภาคใต้ชายแดน,การเข้าถึงแหล่งเงินทุนดอกเบี้ยต่ำ,ปานกลาง,27.2,ร้อยละ,สำนักงานสถิติแห่งชาติ
2565,ภาคใต้ชายแดน,การเข้าถึงแหล่งเงินทุนดอกเบี้ยต่ำ,น้อย,29.6,ร้อยละ,สำนักงานสถิติแห่งชาติ
2565,ภาคใต้ชายแดน,การเข้าถึงแหล่งเงินทุนดอกเบี้ยต่ำ,น้อยที่สุด,24.3,ร้อยละ,สำนักงานสถิติแห่งชาติ
2565,ภาคใต้ชายแดน,การเข้าถึงแหล่งเงินทุนดอกเบี้ยต่ำ,ไม่พึงพอใจเลย,9.6,ร้อยละ,สำนักงานสถิติแห่งชาติ
2565,ภาคตะวันออก,ระบบสาธารณูปโภค ,รวม,100,ร้อยละ,สำนักงานสถิติแห่งชาติ
2565,ภาคตะวันออก,ระบบสาธารณูปโภค ,มากที่สุด,11.4,ร้อยละ,สำนักงานสถิติแห่งชาติ
2565,ภาคตะวันออก,ระบบสาธารณูปโภค ,มาก,59.6,ร้อยละ,สำนักงานสถิติแห่งชาติ
2565,ภาคตะวันออก,ระบบสาธารณูปโภค ,ปานกลาง,27.6,ร้อยละ,สำนักงานสถิติแห่งชาติ
2565,ภาคตะวันออก,ระบบสาธารณูปโภค ,น้อย,1.4,ร้อยละ,สำนักงานสถิติแห่งชาติ
2565,ภาคตะวันออก,ระบบสาธารณูปโภค ,น้อยที่สุด,0,ร้อยละ,สำนักงานสถิติแห่งชาติ
2565,ภาคตะวันออก,ระบบสาธารณูปโภค ,ไม่พึงพอใจเลย,0,ร้อยละ,สำนักงานสถิติแห่งชาติ
2565,ภาคตะวันออก,ความปลอดภัยในชีวิตและทรัพย์สิน,รวม,100,ร้อยละ,สำนักงานสถิติแห่งชาติ
2565,ภาคตะวันออก,ความปลอดภัยในชีวิตและทรัพย์สิน,มากที่สุด,12.2,ร้อยละ,สำนักงานสถิติแห่งชาติ
2565,ภาคตะวันออก,ความปลอดภัยในชีวิตและทรัพย์สิน,มาก,57.6,ร้อยละ,สำนักงานสถิติแห่งชาติ
2565,ภาคตะวันออก,ความปลอดภัยในชีวิตและทรัพย์สิน,ปานกลาง,29,ร้อยละ,สำนักงานสถิติแห่งชาติ
2565,ภาคตะวันออก,ความปลอดภัยในชีวิตและทรัพย์สิน,น้อย,1.1,ร้อยละ,สำนักงานสถิติแห่งชาติ
2565,ภาคตะวันออก,ความปลอดภัยในชีวิตและทรัพย์สิน,น้อยที่สุด,0.1,ร้อยละ,สำนักงานสถิติแห่งชาติ
2565,ภาคตะวันออก,ความปลอดภัยในชีวิตและทรัพย์สิน,ไม่พึงพอใจเลย,0,ร้อยละ,สำนักงานสถิติแห่งชาติ
2565,ภาคตะวันออก,ความช่วยเหลือจากคนในสังคม ,รวม,100,ร้อยละ,สำนักงานสถิติแห่งชาติ
2565,ภาคตะวันออก,ความช่วยเหลือจากคนในสังคม ,มากที่สุด,9,ร้อยละ,สำนักงานสถิติแห่งชาติ
2565,ภาคตะวันออก,ความช่วยเหลือจากคนในสังคม ,มาก,42.5,ร้อยละ,สำนักงานสถิติแห่งชาติ
2565,ภาคตะวันออก,ความช่วยเหลือจากคนในสังคม ,ปานกลาง,42.8,ร้อยละ,สำนักงานสถิติแห่งชาติ
2565,ภาคตะวันออก,ความช่วยเหลือจากคนในสังคม ,น้อย,4.9,ร้อยละ,สำนักงานสถิติแห่งชาติ
2565,ภาคตะวันออก,ความช่วยเหลือจากคนในสังคม ,น้อยที่สุด,0.8,ร้อยละ,สำนักงานสถิติแห่งชาติ
2565,ภาคตะวันออก,ความช่วยเหลือจากคนในสังคม ,ไม่พึงพอใจเลย,0,ร้อยละ,สำนักงานสถิติแห่งชาติ
2565,ภาคตะวันออก,ความเข้มแข็งและสามารถพึ่งพาตนเองในการประกอบอาชีพ,รวม,100,ร้อยละ,สำนักงานสถิติแห่งชาติ
2565,ภาคตะวันออก,ความเข้มแข็งและสามารถพึ่งพาตนเองในการประกอบอาชีพ,มากที่สุด,9,ร้อยละ,สำนักงานสถิติแห่งชาติ
2565,ภาคตะวันออก,ความเข้มแข็งและสามารถพึ่งพาตนเองในการประกอบอาชีพ,มาก,43.3,ร้อยละ,สำนักงานสถิติแห่งชาติ
2565,ภาคตะวันออก,ความเข้มแข็งและสามารถพึ่งพาตนเองในการประกอบอาชีพ,ปานกลาง,42.8,ร้อยละ,สำนักงานสถิติแห่งชาติ
2565,ภาคตะวันออก,ความเข้มแข็งและสามารถพึ่งพาตนเองในการประกอบอาชีพ,น้อย,4.3,ร้อยละ,สำนักงานสถิติแห่งชาติ
2565,ภาคตะวันออก,ความเข้มแข็งและสามารถพึ่งพาตนเองในการประกอบอาชีพ,น้อยที่สุด,0.5,ร้อยละ,สำนักงานสถิติแห่งชาติ
2565,ภาคตะวันออก,ความเข้มแข็งและสามารถพึ่งพาตนเองในการประกอบอาชีพ,ไม่พึงพอใจเลย,0.1,ร้อยละ,สำนักงานสถิติแห่งชาติ
2565,ภาคตะวันออก,ความร่วมมือระหว่างหน่วยงานภาครัฐและชุมชน/หมู่บ้านในการแก้ไขปัญหาในพื้นที่,รวม,100,ร้อยละ,สำนักงานสถิติแห่งชาติ
2565,ภาคตะวันออก,ความร่วมมือระหว่างหน่วยงานภาครัฐและชุมชน/หมู่บ้านในการแก้ไขปัญหาในพื้นที่,มากที่สุด,6.5,ร้อยละ,สำนักงานสถิติแห่งชาติ
2565,ภาคตะวันออก,ความร่วมมือระหว่างหน่วยงานภาครัฐและชุมชน/หมู่บ้านในการแก้ไขปัญหาในพื้นที่,มาก,34.3,ร้อยละ,สำนักงานสถิติแห่งชาติ
2565,ภาคตะวันออก,ความร่วมมือระหว่างหน่วยงานภาครัฐและชุมชน/หมู่บ้านในการแก้ไขปัญหาในพื้นที่,ปานกลาง,48.1,ร้อยละ,สำนักงานสถิติแห่งชาติ
2565,ภาคตะวันออก,ความร่วมมือระหว่างหน่วยงานภาครัฐและชุมชน/หมู่บ้านในการแก้ไขปัญหาในพื้นที่,น้อย,9.1,ร้อยละ,สำนักงานสถิติแห่งชาติ
2565,ภาคตะวันออก,ความร่วมมือระหว่างหน่วยงานภาครัฐและชุมชน/หมู่บ้านในการแก้ไขปัญหาในพื้นที่,น้อยที่สุด,1.8,ร้อยละ,สำนักงานสถิติแห่งชาติ
2565,ภาคตะวันออก,ความร่วมมือระหว่างหน่วยงานภาครัฐและชุมชน/หมู่บ้านในการแก้ไขปัญหาในพื้นที่,ไม่พึงพอใจเลย,0.2,ร้อยละ,สำนักงานสถิติแห่งชาติ
2565,ภาคตะวันออก,การได้รับข้อมูลข่าวสารต่าง ๆ เพื่อลดความเสี่ยงจากภัยพิบัติฯ,รวม,100,ร้อยละ,สำนักงานสถิติแห่งชาติ
2565,ภาคตะวันออก,การได้รับข้อมูลข่าวสารต่าง ๆ เพื่อลดความเสี่ยงจากภัยพิบัติฯ,มากที่สุด,4.2,ร้อยละ,สำนักงานสถิติแห่งชาติ
2565,ภาคตะวันออก,การได้รับข้อมูลข่าวสารต่าง ๆ เพื่อลดความเสี่ยงจากภัยพิบัติฯ,มาก,22.1,ร้อยละ,สำนักงานสถิติแห่งชาติ
2565,ภาคตะวันออก,การได้รับข้อมูลข่าวสารต่าง ๆ เพื่อลดความเสี่ยงจากภัยพิบัติฯ,ปานกลาง,50.6,ร้อยละ,สำนักงานสถิติแห่งชาติ
2565,ภาคตะวันออก,การได้รับข้อมูลข่าวสารต่าง ๆ เพื่อลดความเสี่ยงจากภัยพิบัติฯ,น้อย,17.6,ร้อยละ,สำนักงานสถิติแห่งชาติ
2565,ภาคตะวันออก,การได้รับข้อมูลข่าวสารต่าง ๆ เพื่อลดความเสี่ยงจากภัยพิบัติฯ,น้อยที่สุด,4.5,ร้อยละ,สำนักงานสถิติแห่งชาติ
2565,ภาคตะวันออก,การได้รับข้อมูลข่าวสารต่าง ๆ เพื่อลดความเสี่ยงจากภัยพิบัติฯ,ไม่พึงพอใจเลย,1,ร้อยละ,สำนักงานสถิติแห่งชาติ
2565,ภาคตะวันออก,การเข้าถึงแหล่งเงินทุนดอกเบี้ยต่ำ,รวม,100,ร้อยละ,สำนักงานสถิติแห่งชาติ
2565,ภาคตะวันออก,การเข้าถึงแหล่งเงินทุนดอกเบี้ยต่ำ,มากที่สุด,2.2,ร้อยละ,สำนักงานสถิติแห่งชาติ
2565,ภาคตะวันออก,การเข้าถึงแหล่งเงินทุนดอกเบี้ยต่ำ,มาก,17.2,ร้อยละ,สำนักงานสถิติแห่งชาติ
2565,ภาคตะวันออก,การเข้าถึงแหล่งเงินทุนดอกเบี้ยต่ำ,ปานกลาง,42.8,ร้อยละ,สำนักงานสถิติแห่งชาติ
2565,ภาคตะวันออก,การเข้าถึงแหล่งเงินทุนดอกเบี้ยต่ำ,น้อย,24.7,ร้อยละ,สำนักงานสถิติแห่งชาติ
2565,ภาคตะวันออก,การเข้าถึงแหล่งเงินทุนดอกเบี้ยต่ำ,น้อยที่สุด,11.1,ร้อยละ,สำนักงานสถิติแห่งชาติ
2565,ภาคตะวันออก,การเข้าถึงแหล่งเงินทุนดอกเบี้ยต่ำ,ไม่พึงพอใจเลย,2,ร้อยละ,สำนักงานสถิติแห่งชาติ
2565,ภาคตะวันออกเฉียงเหนือ,ระบบสาธารณูปโภค ,รวม,100,ร้อยละ,สำนักงานสถิติแห่งชาติ
2565,ภาคตะวันออกเฉียงเหนือ,ระบบสาธารณูปโภค ,มากที่สุด,16.9,ร้อยละ,สำนักงานสถิติแห่งชาติ
2565,ภาคตะวันออกเฉียงเหนือ,ระบบสาธารณูปโภค ,มาก,60,ร้อยละ,สำนักงานสถิติแห่งชาติ
2565,ภาคตะวันออกเฉียงเหนือ,ระบบสาธารณูปโภค ,ปานกลาง,21.5,ร้อยละ,สำนักงานสถิติแห่งชาติ
2565,ภาคตะวันออกเฉียงเหนือ,ระบบสาธารณูปโภค ,น้อย,1.5,ร้อยละ,สำนักงานสถิติแห่งชาติ
2565,ภาคตะวันออกเฉียงเหนือ,ระบบสาธารณูปโภค ,น้อยที่สุด,0.1,ร้อยละ,สำนักงานสถิติแห่งชาติ
2565,ภาคตะวันออกเฉียงเหนือ,ระบบสาธารณูปโภค ,ไม่พึงพอใจเลย,0,ร้อยละ,สำนักงานสถิติแห่งชาติ
2565,ภาคตะวันออกเฉียงเหนือ,ความปลอดภัยในชีวิตและทรัพย์สิน,รวม,100,ร้อยละ,สำนักงานสถิติแห่งชาติ
2565,ภาคตะวันออกเฉียงเหนือ,ความปลอดภัยในชีวิตและทรัพย์สิน,มากที่สุด,14.6,ร้อยละ,สำนักงานสถิติแห่งชาติ
2565,ภาคตะวันออกเฉียงเหนือ,ความปลอดภัยในชีวิตและทรัพย์สิน,มาก,61.2,ร้อยละ,สำนักงานสถิติแห่งชาติ
2565,ภาคตะวันออกเฉียงเหนือ,ความปลอดภัยในชีวิตและทรัพย์สิน,ปานกลาง,23,ร้อยละ,สำนักงานสถิติแห่งชาติ
2565,ภาคตะวันออกเฉียงเหนือ,ความปลอดภัยในชีวิตและทรัพย์สิน,น้อย,1.1,ร้อยละ,สำนักงานสถิติแห่งชาติ
2565,ภาคตะวันออกเฉียงเหนือ,ความปลอดภัยในชีวิตและทรัพย์สิน,น้อยที่สุด,0.1,ร้อยละ,สำนักงานสถิติแห่งชาติ
2565,ภาคตะวันออกเฉียงเหนือ,ความปลอดภัยในชีวิตและทรัพย์สิน,ไม่พึงพอใจเลย,0,ร้อยละ,สำนักงานสถิติแห่งชาติ
2565,ภาคตะวันออกเฉียงเหนือ,ความช่วยเหลือจากคนในสังคม ,รวม,100,ร้อยละ,สำนักงานสถิติแห่งชาติ
2565,ภาคตะวันออกเฉียงเหนือ,ความช่วยเหลือจากคนในสังคม ,มากที่สุด,12.9,ร้อยละ,สำนักงานสถิติแห่งชาติ
2565,ภาคตะวันออกเฉียงเหนือ,ความช่วยเหลือจากคนในสังคม ,มาก,54.9,ร้อยละ,สำนักงานสถิติแห่งชาติ
2565,ภาคตะวันออกเฉียงเหนือ,ความช่วยเหลือจากคนในสังคม ,ปานกลาง,28.9,ร้อยละ,สำนักงานสถิติแห่งชาติ
2565,ภาคตะวันออกเฉียงเหนือ,ความช่วยเหลือจากคนในสังคม ,น้อย,3.1,ร้อยละ,สำนักงานสถิติแห่งชาติ
2565,ภาคตะวันออกเฉียงเหนือ,ความช่วยเหลือจากคนในสังคม ,น้อยที่สุด,0.2,ร้อยละ,สำนักงานสถิติแห่งชาติ
2565,ภาคตะวันออกเฉียงเหนือ,ความช่วยเหลือจากคนในสังคม ,ไม่พึงพอใจเลย,0,ร้อยละ,สำนักงานสถิติแห่งชาติ
2565,ภาคตะวันออกเฉียงเหนือ,ความเข้มแข็งและสามารถพึ่งพาตนเองในการประกอบอาชีพ,รวม,100,ร้อยละ,สำนักงานสถิติแห่งชาติ
2565,ภาคตะวันออกเฉียงเหนือ,ความเข้มแข็งและสามารถพึ่งพาตนเองในการประกอบอาชีพ,มากที่สุด,13.1,ร้อยละ,สำนักงานสถิติแห่งชาติ
2565,ภาคตะวันออกเฉียงเหนือ,ความเข้มแข็งและสามารถพึ่งพาตนเองในการประกอบอาชีพ,มาก,50,ร้อยละ,สำนักงานสถิติแห่งชาติ
2565,ภาคตะวันออกเฉียงเหนือ,ความเข้มแข็งและสามารถพึ่งพาตนเองในการประกอบอาชีพ,ปานกลาง,32.2,ร้อยละ,สำนักงานสถิติแห่งชาติ
2565,ภาคตะวันออกเฉียงเหนือ,ความเข้มแข็งและสามารถพึ่งพาตนเองในการประกอบอาชีพ,น้อย,4.2,ร้อยละ,สำนักงานสถิติแห่งชาติ
2565,ภาคตะวันออกเฉียงเหนือ,ความเข้มแข็งและสามารถพึ่งพาตนเองในการประกอบอาชีพ,น้อยที่สุด,0.4,ร้อยละ,สำนักงานสถิติแห่งชาติ
2565,ภาคตะวันออกเฉียงเหนือ,ความเข้มแข็งและสามารถพึ่งพาตนเองในการประกอบอาชีพ,ไม่พึงพอใจเลย,0.1,ร้อยละ,สำนักงานสถิติแห่งชาติ
2565,ภาคตะวันออกเฉียงเหนือ,ความร่วมมือระหว่างหน่วยงานภาครัฐและชุมชน/หมู่บ้านในการแก้ไขปัญหาในพื้นที่,รวม,100,ร้อยละ,สำนักงานสถิติแห่งชาติ
2565,ภาคตะวันออกเฉียงเหนือ,ความร่วมมือระหว่างหน่วยงานภาครัฐและชุมชน/หมู่บ้านในการแก้ไขปัญหาในพื้นที่,มากที่สุด,9,ร้อยละ,สำนักงานสถิติแห่งชาติ
2565,ภาคตะวันออกเฉียงเหนือ,ความร่วมมือระหว่างหน่วยงานภาครัฐและชุมชน/หมู่บ้านในการแก้ไขปัญหาในพื้นที่,มาก,51.2,ร้อยละ,สำนักงานสถิติแห่งชาติ
2565,ภาคตะวันออกเฉียงเหนือ,ความร่วมมือระหว่างหน่วยงานภาครัฐและชุมชน/หมู่บ้านในการแก้ไขปัญหาในพื้นที่,ปานกลาง,35.7,ร้อยละ,สำนักงานสถิติแห่งชาติ
2565,ภาคตะวันออกเฉียงเหนือ,ความร่วมมือระหว่างหน่วยงานภาครัฐและชุมชน/หมู่บ้านในการแก้ไขปัญหาในพื้นที่,น้อย,3.8,ร้อยละ,สำนักงานสถิติแห่งชาติ
2565,ภาคตะวันออกเฉียงเหนือ,ความร่วมมือระหว่างหน่วยงานภาครัฐและชุมชน/หมู่บ้านในการแก้ไขปัญหาในพื้นที่,น้อยที่สุด,0.2,ร้อยละ,สำนักงานสถิติแห่งชาติ
2565,ภาคตะวันออกเฉียงเหนือ,ความร่วมมือระหว่างหน่วยงานภาครัฐและชุมชน/หมู่บ้านในการแก้ไขปัญหาในพื้นที่,ไม่พึงพอใจเลย,0.1,ร้อยละ,สำนักงานสถิติแห่งชาติ
2565,ภาคตะวันออกเฉียงเหนือ,การได้รับข้อมูลข่าวสารต่าง ๆ เพื่อลดความเสี่ยงจากภัยพิบัติฯ,รวม,100,ร้อยละ,สำนักงานสถิติแห่งชาติ
2565,ภาคตะวันออกเฉียงเหนือ,การได้รับข้อมูลข่าวสารต่าง ๆ เพื่อลดความเสี่ยงจากภัยพิบัติฯ,มากที่สุด,6.5,ร้อยละ,สำนักงานสถิติแห่งชาติ
2565,ภาคตะวันออกเฉียงเหนือ,การได้รับข้อมูลข่าวสารต่าง ๆ เพื่อลดความเสี่ยงจากภัยพิบัติฯ,มาก,36.5,ร้อยละ,สำนักงานสถิติแห่งชาติ
2565,ภาคตะวันออกเฉียงเหนือ,การได้รับข้อมูลข่าวสารต่าง ๆ เพื่อลดความเสี่ยงจากภัยพิบัติฯ,ปานกลาง,42.5,ร้อยละ,สำนักงานสถิติแห่งชาติ
2565,ภาคตะวันออกเฉียงเหนือ,การได้รับข้อมูลข่าวสารต่าง ๆ เพื่อลดความเสี่ยงจากภัยพิบัติฯ,น้อย,11.7,ร้อยละ,สำนักงานสถิติแห่งชาติ
2565,ภาคตะวันออกเฉียงเหนือ,การได้รับข้อมูลข่าวสารต่าง ๆ เพื่อลดความเสี่ยงจากภัยพิบัติฯ,น้อยที่สุด,2.5,ร้อยละ,สำนักงานสถิติแห่งชาติ
2565,ภาคตะวันออกเฉียงเหนือ,การได้รับข้อมูลข่าวสารต่าง ๆ เพื่อลดความเสี่ยงจากภัยพิบัติฯ,ไม่พึงพอใจเลย,0.3,ร้อยละ,สำนักงานสถิติแห่งชาติ
2565,ภาคตะวันออกเฉียงเหนือ,การเข้าถึงแหล่งเงินทุนดอกเบี้ยต่ำ,รวม,100,ร้อยละ,สำนักงานสถิติแห่งชาติ
2565,ภาคตะวันออกเฉียงเหนือ,การเข้าถึงแหล่งเงินทุนดอกเบี้ยต่ำ,มากที่สุด,3.2,ร้อยละ,สำนักงานสถิติแห่งชาติ
2565,ภาคตะวันออกเฉียงเหนือ,การเข้าถึงแหล่งเงินทุนดอกเบี้ยต่ำ,มาก,22.9,ร้อยละ,สำนักงานสถิติแห่งชาติ
2565,ภาคตะวันออกเฉียงเหนือ,การเข้าถึงแหล่งเงินทุนดอกเบี้ยต่ำ,ปานกลาง,41.5,ร้อยละ,สำนักงานสถิติแห่งชาติ
2565,ภาคตะวันออกเฉียงเหนือ,การเข้าถึงแหล่งเงินทุนดอกเบี้ยต่ำ,น้อย,23.1,ร้อยละ,สำนักงานสถิติแห่งชาติ
2565,ภาคตะวันออกเฉียงเหนือ,การเข้าถึงแหล่งเงินทุนดอกเบี้ยต่ำ,น้อยที่สุด,7.2,ร้อยละ,สำนักงานสถิติแห่งชาติ
2565,ภาคตะวันออกเฉียงเหนือ,การเข้าถึงแหล่งเงินทุนดอกเบี้ยต่ำ,ไม่พึงพอใจเลย,2.1,ร้อยละ,สำนักงานสถิติแห่งชาติ
2565,ภาคเหนือ,ระบบสาธารณูปโภค ,รวม,100,ร้อยละ,สำนักงานสถิติแห่งชาติ
2565,ภาคเหนือ,ระบบสาธารณูปโภค ,มากที่สุด,19.3,ร้อยละ,สำนักงานสถิติแห่งชาติ
2565,ภาคเหนือ,ระบบสาธารณูปโภค ,มาก,58.9,ร้อยละ,สำนักงานสถิติแห่งชาติ
2565,ภาคเหนือ,ระบบสาธารณูปโภค ,ปานกลาง,19.8,ร้อยละ,สำนักงานสถิติแห่งชาติ
2565,ภาคเหนือ,ระบบสาธารณูปโภค ,น้อย,1.8,ร้อยละ,สำนักงานสถิติแห่งชาติ
2565,ภาคเหนือ,ระบบสาธารณูปโภค ,น้อยที่สุด,0.1,ร้อยละ,สำนักงานสถิติแห่งชาติ
2565,ภาคเหนือ,ระบบสาธารณูปโภค ,ไม่พึงพอใจเลย,0.1,ร้อยละ,สำนักงานสถิติแห่งชาติ
2565,ภาคเหนือ,ความปลอดภัยในชีวิตและทรัพย์สิน,รวม,100,ร้อยละ,สำนักงานสถิติแห่งชาติ
2565,ภาคเหนือ,ความปลอดภัยในชีวิตและทรัพย์สิน,มากที่สุด,19.7,ร้อยละ,สำนักงานสถิติแห่งชาติ
2565,ภาคเหนือ,ความปลอดภัยในชีวิตและทรัพย์สิน,มาก,61.4,ร้อยละ,สำนักงานสถิติแห่งชาติ
2565,ภาคเหนือ,ความปลอดภัยในชีวิตและทรัพย์สิน,ปานกลาง,17.8,ร้อยละ,สำนักงานสถิติแห่งชาติ
2565,ภาคเหนือ,ความปลอดภัยในชีวิตและทรัพย์สิน,น้อย,0.9,ร้อยละ,สำนักงานสถิติแห่งชาติ
2565,ภาคเหนือ,ความปลอดภัยในชีวิตและทรัพย์สิน,น้อยที่สุด,0.1,ร้อยละ,สำนักงานสถิติแห่งชาติ
2565,ภาคเหนือ,ความปลอดภัยในชีวิตและทรัพย์สิน,ไม่พึงพอใจเลย,0.1,ร้อยละ,สำนักงานสถิติแห่งชาติ
2565,ภาคเหนือ,ความช่วยเหลือจากคนในสังคม ,รวม,100,ร้อยละ,สำนักงานสถิติแห่งชาติ
2565,ภาคเหนือ,ความช่วยเหลือจากคนในสังคม ,มากที่สุด,16.7,ร้อยละ,สำนักงานสถิติแห่งชาติ
2565,ภาคเหนือ,ความช่วยเหลือจากคนในสังคม ,มาก,53.7,ร้อยละ,สำนักงานสถิติแห่งชาติ
2565,ภาคเหนือ,ความช่วยเหลือจากคนในสังคม ,ปานกลาง,25.9,ร้อยละ,สำนักงานสถิติแห่งชาติ
2565,ภาคเหนือ,ความช่วยเหลือจากคนในสังคม ,น้อย,3.3,ร้อยละ,สำนักงานสถิติแห่งชาติ
2565,ภาคเหนือ,ความช่วยเหลือจากคนในสังคม ,น้อยที่สุด,0.3,ร้อยละ,สำนักงานสถิติแห่งชาติ
2565,ภาคเหนือ,ความช่วยเหลือจากคนในสังคม ,ไม่พึงพอใจเลย,0.1,ร้อยละ,สำนักงานสถิติแห่งชาติ
2565,ภาคเหนือ,ความเข้มแข็งและสามารถพึ่งพาตนเองในการประกอบอาชีพ,รวม,100,ร้อยละ,สำนักงานสถิติแห่งชาติ
2565,ภาคเหนือ,ความเข้มแข็งและสามารถพึ่งพาตนเองในการประกอบอาชีพ,มากที่สุด,14.2,ร้อยละ,สำนักงานสถิติแห่งชาติ
2565,ภาคเหนือ,ความเข้มแข็งและสามารถพึ่งพาตนเองในการประกอบอาชีพ,มาก,51.3,ร้อยละ,สำนักงานสถิติแห่งชาติ
2565,ภาคเหนือ,ความเข้มแข็งและสามารถพึ่งพาตนเองในการประกอบอาชีพ,ปานกลาง,30.7,ร้อยละ,สำนักงานสถิติแห่งชาติ
2565,ภาคเหนือ,ความเข้มแข็งและสามารถพึ่งพาตนเองในการประกอบอาชีพ,น้อย,3.3,ร้อยละ,สำนักงานสถิติแห่งชาติ
2565,ภาคเหนือ,ความเข้มแข็งและสามารถพึ่งพาตนเองในการประกอบอาชีพ,น้อยที่สุด,0.4,ร้อยละ,สำนักงานสถิติแห่งชาติ
2565,ภาคเหนือ,ความเข้มแข็งและสามารถพึ่งพาตนเองในการประกอบอาชีพ,ไม่พึงพอใจเลย,0.1,ร้อยละ,สำนักงานสถิติแห่งชาติ
2565,ภาคเหนือ,ความร่วมมือระหว่างหน่วยงานภาครัฐและชุมชน/หมู่บ้านในการแก้ไขปัญหาในพื้นที่,รวม,100,ร้อยละ,สำนักงานสถิติแห่งชาติ
2565,ภาคเหนือ,ความร่วมมือระหว่างหน่วยงานภาครัฐและชุมชน/หมู่บ้านในการแก้ไขปัญหาในพื้นที่,มากที่สุด,12.5,ร้อยละ,สำนักงานสถิติแห่งชาติ
2565,ภาคเหนือ,ความร่วมมือระหว่างหน่วยงานภาครัฐและชุมชน/หมู่บ้านในการแก้ไขปัญหาในพื้นที่,มาก,47.8,ร้อยละ,สำนักงานสถิติแห่งชาติ
2565,ภาคเหนือ,ความร่วมมือระหว่างหน่วยงานภาครัฐและชุมชน/หมู่บ้านในการแก้ไขปัญหาในพื้นที่,ปานกลาง,34.4,ร้อยละ,สำนักงานสถิติแห่งชาติ
2565,ภาคเหนือ,ความร่วมมือระหว่างหน่วยงานภาครัฐและชุมชน/หมู่บ้านในการแก้ไขปัญหาในพื้นที่,น้อย,4.8,ร้อยละ,สำนักงานสถิติแห่งชาติ
2565,ภาคเหนือ,ความร่วมมือระหว่างหน่วยงานภาครัฐและชุมชน/หมู่บ้านในการแก้ไขปัญหาในพื้นที่,น้อยที่สุด,0.5,ร้อยละ,สำนักงานสถิติแห่งชาติ
2565,ภาคเหนือ,ความร่วมมือระหว่างหน่วยงานภาครัฐและชุมชน/หมู่บ้านในการแก้ไขปัญหาในพื้นที่,ไม่พึงพอใจเลย,0,ร้อยละ,สำนักงานสถิติแห่งชาติ
2565,ภาคเหนือ,การได้รับข้อมูลข่าวสารต่าง ๆ เพื่อลดความเสี่ยงจากภัยพิบัติฯ,รวม,100,ร้อยละ,สำนักงานสถิติแห่งชาติ
2565,ภาคเหนือ,การได้รับข้อมูลข่าวสารต่าง ๆ เพื่อลดความเสี่ยงจากภัยพิบัติฯ,มากที่สุด,9.8,ร้อยละ,สำนักงานสถิติแห่งชาติ
2565,ภาคเหนือ,การได้รับข้อมูลข่าวสารต่าง ๆ เพื่อลดความเสี่ยงจากภัยพิบัติฯ,มาก,39.9,ร้อยละ,สำนักงานสถิติแห่งชาติ
2565,ภาคเหนือ,การได้รับข้อมูลข่าวสารต่าง ๆ เพื่อลดความเสี่ยงจากภัยพิบัติฯ,ปานกลาง,39,ร้อยละ,สำนักงานสถิติแห่งชาติ
2565,ภาคเหนือ,การได้รับข้อมูลข่าวสารต่าง ๆ เพื่อลดความเสี่ยงจากภัยพิบัติฯ,น้อย,9.5,ร้อยละ,สำนักงานสถิติแห่งชาติ
2565,ภาคเหนือ,การได้รับข้อมูลข่าวสารต่าง ๆ เพื่อลดความเสี่ยงจากภัยพิบัติฯ,น้อยที่สุด,1.5,ร้อยละ,สำนักงานสถิติแห่งชาติ
2565,ภาคเหนือ,การได้รับข้อมูลข่าวสารต่าง ๆ เพื่อลดความเสี่ยงจากภัยพิบัติฯ,ไม่พึงพอใจเลย,0.3,ร้อยละ,สำนักงานสถิติแห่งชาติ
2565,ภาคเหนือ,การเข้าถึงแหล่งเงินทุนดอกเบี้ยต่ำ,รวม,100,ร้อยละ,สำนักงานสถิติแห่งชาติ
2565,ภาคเหนือ,การเข้าถึงแหล่งเงินทุนดอกเบี้ยต่ำ,มากที่สุด,5.3,ร้อยละ,สำนักงานสถิติแห่งชาติ
2565,ภาคเหนือ,การเข้าถึงแหล่งเงินทุนดอกเบี้ยต่ำ,มาก,25.7,ร้อยละ,สำนักงานสถิติแห่งชาติ
2565,ภาคเหนือ,การเข้าถึงแหล่งเงินทุนดอกเบี้ยต่ำ,ปานกลาง,37.8,ร้อยละ,สำนักงานสถิติแห่งชาติ
2565,ภาคเหนือ,การเข้าถึงแหล่งเงินทุนดอกเบี้ยต่ำ,น้อย,21.9,ร้อยละ,สำนักงานสถิติแห่งชาติ
2565,ภาคเหนือ,การเข้าถึงแหล่งเงินทุนดอกเบี้ยต่ำ,น้อยที่สุด,8.1,ร้อยละ,สำนักงานสถิติแห่งชาติ
2565,ภาคเหนือ,การเข้าถึงแหล่งเงินทุนดอกเบี้ยต่ำ,ไม่พึงพอใจเลย,1.2,ร้อยละ,สำนักงานสถิติแห่งชาติ
