_id,year,region,Need,Iss_Need,Per_vill,unit,source
1,2566,ทั่วประเทศ,ความต้องการ อันดับ 1,แก้ไขปัญหาค่าครองชีพสูง,39.1,ร้อยละ,สำนักงานสถิติแห่งชาติ
2,2566,ทั่วประเทศ,ความต้องการ อันดับ 2,ปรับ/เพิ่มราคาพืชผลทางการเกษตร,38.8,ร้อยละ,สำนักงานสถิติแห่งชาติ
3,2566,ทั่วประเทศ,ความต้องการ อันดับ 3,จัดหาอาชีพเสริมเพื่มรายได้,21.1,ร้อยละ,สำนักงานสถิติแห่งชาติ
4,2566,กรุงเทพมหานคร,ความเดือดร้อน อันดับ 1,แก้ไขปัญหาค่าครองชีพสูง,39.7,ร้อยละ,สำนักงานสถิติแห่งชาติ
5,2566,กรุงเทพมหานคร,ความเดือดร้อน อันดับ 2,แก้ไขปัญหาว่างงาน/ตกงาน,16.4,ร้อยละ,สำนักงานสถิติแห่งชาติ
6,2566,กรุงเทพมหานคร,ความเดือดร้อน อันดับ 3,จัดหาอาชีพเสริมเพิ่มรายได้,12.5,ร้อยละ,สำนักงานสถิติแห่งชาติ
7,2566,สมุทรปราการ,ความเดือดร้อน อันดับ 1,แก้ไขปัญหาค่าครองชีพสูง,32.8,ร้อยละ,สำนักงานสถิติแห่งชาติ
8,2566,สมุทรปราการ,ความเดือดร้อน อันดับ 2,จัดหาอาชีพเสริมเพิ่มรายได้,8.4,ร้อยละ,สำนักงานสถิติแห่งชาติ
9,2566,สมุทรปราการ,ความเดือดร้อน อันดับ 3,ต้องการกล้องวงจรปิดในที่สาธารณะ/หมู่บ้าน/ชุมชน,7.8,ร้อยละ,สำนักงานสถิติแห่งชาติ
10,2566,นนทบุรี,ความเดือดร้อน อันดับ 1,แก้ไขปัญหาค่าครองชีพสูง,45.2,ร้อยละ,สำนักงานสถิติแห่งชาติ
11,2566,นนทบุรี,ความเดือดร้อน อันดับ 2,จัดหาอาชีพเสริมเพิ่มรายได้,19.4,ร้อยละ,สำนักงานสถิติแห่งชาติ
12,2566,นนทบุรี,ความเดือดร้อน อันดับ 3,เพิ่มค่าแรงขั้นต่ำ,18.4,ร้อยละ,สำนักงานสถิติแห่งชาติ
13,2566,ปทุมธานี,ความเดือดร้อน อันดับ 1,แก้ไขปัญหาค่าครองชีพสูง,41.2,ร้อยละ,สำนักงานสถิติแห่งชาติ
14,2566,ปทุมธานี,ความเดือดร้อน อันดับ 2,แก้ไขปัญหาเศรษฐกิจตกต่ำ,19.9,ร้อยละ,สำนักงานสถิติแห่งชาติ
15,2566,ปทุมธานี,ความเดือดร้อน อันดับ 3,แก้ไขปัญหาว่างงาน/ตกงาน,16.4,ร้อยละ,สำนักงานสถิติแห่งชาติ
16,2566,พระนครศรีอยุธยา,ความเดือดร้อน อันดับ 1,แก้ไขปัญหาค่าครองชีพสูง,34.9,ร้อยละ,สำนักงานสถิติแห่งชาติ
17,2566,พระนครศรีอยุธยา,ความเดือดร้อน อันดับ 2,จัดหาอาชีพเสริมเพิ่มรายได้,32.6,ร้อยละ,สำนักงานสถิติแห่งชาติ
18,2566,พระนครศรีอยุธยา,ความเดือดร้อน อันดับ 3,ปรับ/เพิ่มราคาพืชผลทางการเกษตรราคาตกต่ำ (ข้าว ยางพารา อ้อย ปาล์มน้ำมัน สัตว์น้ำ สัตว์บก ฯลฯ),12.7,ร้อยละ,สำนักงานสถิติแห่งชาติ
19,2566,อ่างทอง,ความเดือดร้อน อันดับ 1,แก้ไขปัญหาค่าครองชีพสูง,60.7,ร้อยละ,สำนักงานสถิติแห่งชาติ
20,2566,อ่างทอง,ความเดือดร้อน อันดับ 2,จัดหาอาชีพเสริมเพิ่มรายได้,24.6,ร้อยละ,สำนักงานสถิติแห่งชาติ
21,2566,อ่างทอง,ความเดือดร้อน อันดับ 3,แก้ไขปัญหาเศรษฐกิจตกต่ำ,20.5,ร้อยละ,สำนักงานสถิติแห่งชาติ
22,2566,ลพบุรี,ความเดือดร้อน อันดับ 1,แก้ไขปัญหาค่าครองชีพสูง,55.8,ร้อยละ,สำนักงานสถิติแห่งชาติ
23,2566,ลพบุรี,ความเดือดร้อน อันดับ 2,จัดหาอาชีพเสริมเพิ่มรายได้,31.5,ร้อยละ,สำนักงานสถิติแห่งชาติ
24,2566,ลพบุรี,ความเดือดร้อน อันดับ 3,ปรับ/เพิ่มราคาพืชผลทางการเกษตรราคาตกต่ำ (ข้าว ยางพารา อ้อย ปาล์มน้ำมัน สัตว์น้ำ สัตว์บก ฯลฯ),30.9,ร้อยละ,สำนักงานสถิติแห่งชาติ
25,2566,สิงห์บุรี,ความเดือดร้อน อันดับ 1,แก้ไขปัญหาค่าครองชีพสูง,67.5,ร้อยละ,สำนักงานสถิติแห่งชาติ
26,2566,สิงห์บุรี,ความเดือดร้อน อันดับ 2,จัดหาอาชีพเสริมเพิ่มรายได้,34.7,ร้อยละ,สำนักงานสถิติแห่งชาติ
27,2566,สิงห์บุรี,ความเดือดร้อน อันดับ 3,ปรับ/เพิ่มราคาพืชผลทางการเกษตรราคาตกต่ำ (ข้าว ยางพารา อ้อย ปาล์มน้ำมัน สัตว์น้ำ สัตว์บก ฯลฯ),32.8,ร้อยละ,สำนักงานสถิติแห่งชาติ
28,2566,ชัยนาท,ความเดือดร้อน อันดับ 1,ปรับ/เพิ่มราคาพืชผลทางการเกษตรราคาตกต่ำ (ข้าว ยางพารา อ้อย ปาล์มน้ำมัน สัตว์น้ำ สัตว์บก ฯลฯ),50.3,ร้อยละ,สำนักงานสถิติแห่งชาติ
29,2566,ชัยนาท,ความเดือดร้อน อันดับ 2,แก้ไขปัญหาค่าครองชีพสูง,35.2,ร้อยละ,สำนักงานสถิติแห่งชาติ
30,2566,ชัยนาท,ความเดือดร้อน อันดับ 3,ลดราคาปุ๋ยและสารเคมี,25,ร้อยละ,สำนักงานสถิติแห่งชาติ
31,2566,สระบุรี,ความเดือดร้อน อันดับ 1,แก้ไขปัญหาค่าครองชีพสูง,58.1,ร้อยละ,สำนักงานสถิติแห่งชาติ
32,2566,สระบุรี,ความเดือดร้อน อันดับ 2,ปรับ/เพิ่มราคาพืชผลทางการเกษตรราคาตกต่ำ (ข้าว ยางพารา อ้อย ปาล์มน้ำมัน สัตว์น้ำ สัตว์บก ฯลฯ),29.2,ร้อยละ,สำนักงานสถิติแห่งชาติ
33,2566,สระบุรี,ความเดือดร้อน อันดับ 3,แก้ไขปัญหาว่างงาน/ตกงาน,29,ร้อยละ,สำนักงานสถิติแห่งชาติ
34,2566,ชลบุรี,ความเดือดร้อน อันดับ 1,แก้ไขปัญหาค่าครองชีพสูง,19.6,ร้อยละ,สำนักงานสถิติแห่งชาติ
35,2566,ชลบุรี,ความเดือดร้อน อันดับ 2,แก้ไขปัญหาเศรษฐกิจตกต่ำ,15,ร้อยละ,สำนักงานสถิติแห่งชาติ
36,2566,ชลบุรี,ความเดือดร้อน อันดับ 3,จัดหาอาชีพเสริมเพิ่มรายได้,9.5,ร้อยละ,สำนักงานสถิติแห่งชาติ
37,2566,ระยอง,ความเดือดร้อน อันดับ 1,แก้ไขปัญหาค่าครองชีพสูง,64,ร้อยละ,สำนักงานสถิติแห่งชาติ
38,2566,ระยอง,ความเดือดร้อน อันดับ 2,ปรับ/เพิ่มราคาพืชผลทางการเกษตรราคาตกต่ำ (ข้าว ยางพารา อ้อย ปาล์มน้ำมัน สัตว์น้ำ สัตว์บก ฯลฯ),29.5,ร้อยละ,สำนักงานสถิติแห่งชาติ
39,2566,ระยอง,ความเดือดร้อน อันดับ 3,จัดหาอาชีพเสริมเพิ่มรายได้,26.3,ร้อยละ,สำนักงานสถิติแห่งชาติ
40,2566,จันทบุรี,ความเดือดร้อน อันดับ 1,แก้ไขปัญหาค่าครองชีพสูง,31.1,ร้อยละ,สำนักงานสถิติแห่งชาติ
41,2566,จันทบุรี,ความเดือดร้อน อันดับ 2,หาน้ำทำการเกษตร,24.3,ร้อยละ,สำนักงานสถิติแห่งชาติ
42,2566,จันทบุรี,ความเดือดร้อน อันดับ 3,ลดราคาปุ๋ยและสารเคมี,22.8,ร้อยละ,สำนักงานสถิติแห่งชาติ
43,2566,ตราด,ความเดือดร้อน อันดับ 1,แก้ไขปัญหาค่าครองชีพสูง,55,ร้อยละ,สำนักงานสถิติแห่งชาติ
44,2566,ตราด,ความเดือดร้อน อันดับ 2,แก้ไขปัญหาเศรษฐกิจตกต่ำ,34.3,ร้อยละ,สำนักงานสถิติแห่งชาติ
45,2566,ตราด,ความเดือดร้อน อันดับ 3,ลดราคาปุ๋ยและสารเคมี,30.1,ร้อยละ,สำนักงานสถิติแห่งชาติ
46,2566,ฉะเชิงเทรา,ความเดือดร้อน อันดับ 1,แก้ไขปัญหาค่าครองชีพสูง,42.8,ร้อยละ,สำนักงานสถิติแห่งชาติ
47,2566,ฉะเชิงเทรา,ความเดือดร้อน อันดับ 2,ปรับ/เพิ่มราคาพืชผลทางการเกษตรราคาตกต่ำ (ข้าว ยางพารา อ้อย ปาล์มน้ำมัน สัตว์น้ำ สัตว์บก ฯลฯ),28,ร้อยละ,สำนักงานสถิติแห่งชาติ
48,2566,ฉะเชิงเทรา,ความเดือดร้อน อันดับ 3,แก้ไขปัญหาเศรษฐกิจตกต่ำ,13.1,ร้อยละ,สำนักงานสถิติแห่งชาติ
49,2566,ปราจีนบุรี,ความเดือดร้อน อันดับ 1,แก้ไขปัญหาค่าครองชีพสูง,41.6,ร้อยละ,สำนักงานสถิติแห่งชาติ
50,2566,ปราจีนบุรี,ความเดือดร้อน อันดับ 2,ปรับ/เพิ่มราคาพืชผลทางการเกษตรราคาตกต่ำ (ข้าว ยางพารา อ้อย ปาล์มน้ำมัน สัตว์น้ำ สัตว์บก ฯลฯ),21.9,ร้อยละ,สำนักงานสถิติแห่งชาติ
51,2566,ปราจีนบุรี,ความเดือดร้อน อันดับ 3,จัดหาอาชีพเสริมเพิ่มรายได้,12,ร้อยละ,สำนักงานสถิติแห่งชาติ
52,2566,นครนายก,ความเดือดร้อน อันดับ 1,แก้ไขปัญหาค่าครองชีพสูง,29.6,ร้อยละ,สำนักงานสถิติแห่งชาติ
53,2566,นครนายก,ความเดือดร้อน อันดับ 2,ปรับ/เพิ่มราคาพืชผลทางการเกษตรราคาตกต่ำ (ข้าว ยางพารา อ้อย ปาล์มน้ำมัน สัตว์น้ำ สัตว์บก ฯลฯ),18.2,ร้อยละ,สำนักงานสถิติแห่งชาติ
54,2566,นครนายก,ความเดือดร้อน อันดับ 3,เพิ่มค่าแรงขั้นต่ำ,13.1,ร้อยละ,สำนักงานสถิติแห่งชาติ
55,2566,สระแก้ว,ความเดือดร้อน อันดับ 1,ปรับ/เพิ่มราคาพืชผลทางการเกษตรราคาตกต่ำ (ข้าว ยางพารา อ้อย ปาล์มน้ำมัน สัตว์น้ำ สัตว์บก ฯลฯ),31.2,ร้อยละ,สำนักงานสถิติแห่งชาติ
56,2566,สระแก้ว,ความเดือดร้อน อันดับ 2,แก้ไขปัญหาค่าครองชีพสูง,29.5,ร้อยละ,สำนักงานสถิติแห่งชาติ
57,2566,สระแก้ว,ความเดือดร้อน อันดับ 3,ลดราคาปุ๋ยและสารเคมี,18.1,ร้อยละ,สำนักงานสถิติแห่งชาติ
58,2566,ราชบุรี,ความเดือดร้อน อันดับ 1,แก้ไขปัญหาค่าครองชีพสูง,53.1,ร้อยละ,สำนักงานสถิติแห่งชาติ
59,2566,ราชบุรี,ความเดือดร้อน อันดับ 2,ลดราคาปุ๋ยและสารเคมี,26.8,ร้อยละ,สำนักงานสถิติแห่งชาติ
60,2566,ราชบุรี,ความเดือดร้อน อันดับ 3,ปรับ/เพิ่มราคาพืชผลทางการเกษตรราคาตกต่ำ (ข้าว ยางพารา อ้อย ปาล์มน้ำมัน สัตว์น้ำ สัตว์บก ฯลฯ),26.5,ร้อยละ,สำนักงานสถิติแห่งชาติ
61,2566,กาญจนบุรี,ความเดือดร้อน อันดับ 1,แก้ไขปัญหาค่าครองชีพสูง,33.2,ร้อยละ,สำนักงานสถิติแห่งชาติ
62,2566,กาญจนบุรี,ความเดือดร้อน อันดับ 2,ปรับ/เพิ่มราคาพืชผลทางการเกษตรราคาตกต่ำ (ข้าว ยางพารา อ้อย ปาล์มน้ำมัน สัตว์น้ำ สัตว์บก ฯลฯ),31.7,ร้อยละ,สำนักงานสถิติแห่งชาติ
63,2566,กาญจนบุรี,ความเดือดร้อน อันดับ 3,ลดราคาปุ๋ยและสารเคมี,25.8,ร้อยละ,สำนักงานสถิติแห่งชาติ
64,2566,สุพรรณบุรี,ความเดือดร้อน อันดับ 1,แก้ไขปัญหาค่าครองชีพสูง,35.8,ร้อยละ,สำนักงานสถิติแห่งชาติ
65,2566,สุพรรณบุรี,ความเดือดร้อน อันดับ 2,ปรับ/เพิ่มราคาพืชผลทางการเกษตรราคาตกต่ำ (ข้าว ยางพารา อ้อย ปาล์มน้ำมัน สัตว์น้ำ สัตว์บก ฯลฯ),29.9,ร้อยละ,สำนักงานสถิติแห่งชาติ
66,2566,สุพรรณบุรี,ความเดือดร้อน อันดับ 3,แก้ไขปัญหาว่างงาน/ตกงาน,17.8,ร้อยละ,สำนักงานสถิติแห่งชาติ
67,2566,นครปฐม,ความเดือดร้อน อันดับ 1,แก้ไขปัญหาค่าครองชีพสูง,31.6,ร้อยละ,สำนักงานสถิติแห่งชาติ
68,2566,นครปฐม,ความเดือดร้อน อันดับ 2,ปรับ/เพิ่มราคาพืชผลทางการเกษตรราคาตกต่ำ (ข้าว ยางพารา อ้อย ปาล์มน้ำมัน สัตว์น้ำ สัตว์บก ฯลฯ),13,ร้อยละ,สำนักงานสถิติแห่งชาติ
69,2566,นครปฐม,ความเดือดร้อน อันดับ 3,เพิ่มค่าแรงขั้นต่ำ,9.3,ร้อยละ,สำนักงานสถิติแห่งชาติ
70,2566,สมุทรสาคร,ความเดือดร้อน อันดับ 1,แก้ไขปัญหาค่าครองชีพสูง,34.7,ร้อยละ,สำนักงานสถิติแห่งชาติ
71,2566,สมุทรสาคร,ความเดือดร้อน อันดับ 2,แก้ไขปัญหาเศรษฐกิจตกต่ำ,14.5,ร้อยละ,สำนักงานสถิติแห่งชาติ
72,2566,สมุทรสาคร,ความเดือดร้อน อันดับ 3,จัดหาอาชีพเสริมเพิ่มรายได้,13.4,ร้อยละ,สำนักงานสถิติแห่งชาติ
73,2566,สมุทรสงคราม,ความเดือดร้อน อันดับ 1,แก้ไขปัญหาค่าครองชีพสูง,50.3,ร้อยละ,สำนักงานสถิติแห่งชาติ
74,2566,สมุทรสงคราม,ความเดือดร้อน อันดับ 2,ปรับ/เพิ่มราคาพืชผลทางการเกษตรราคาตกต่ำ (ข้าว ยางพารา อ้อย ปาล์มน้ำมัน สัตว์น้ำ สัตว์บก ฯลฯ),38.1,ร้อยละ,สำนักงานสถิติแห่งชาติ
75,2566,สมุทรสงคราม,ความเดือดร้อน อันดับ 3,จัดหาอาชีพเสริมเพิ่มรายได้,15.2,ร้อยละ,สำนักงานสถิติแห่งชาติ
76,2566,เพชรบุรี,ความเดือดร้อน อันดับ 1,หาแหล่งเงินทุน/เงินกู้ดอกเบี้ยต่ำ,23.6,ร้อยละ,สำนักงานสถิติแห่งชาติ
77,2566,เพชรบุรี,ความเดือดร้อน อันดับ 2,ปรับ/เพิ่มราคาพืชผลทางการเกษตรราคาตกต่ำ (ข้าว ยางพารา อ้อย ปาล์มน้ำมัน สัตว์น้ำ สัตว์บก ฯลฯ),13.7,ร้อยละ,สำนักงานสถิติแห่งชาติ
78,2566,เพชรบุรี,ความเดือดร้อน อันดับ 3,ลดราคาปุ๋ยและสารเคมี,13.4,ร้อยละ,สำนักงานสถิติแห่งชาติ
79,2566,ประจวบคีรีขันธ์,ความเดือดร้อน อันดับ 1,แก้ไขปัญหาค่าครองชีพสูง,43,ร้อยละ,สำนักงานสถิติแห่งชาติ
80,2566,ประจวบคีรีขันธ์,ความเดือดร้อน อันดับ 2,ปรับ/เพิ่มราคาพืชผลทางการเกษตรราคาตกต่ำ (ข้าว ยางพารา อ้อย ปาล์มน้ำมัน สัตว์น้ำ สัตว์บก ฯลฯ),30.9,ร้อยละ,สำนักงานสถิติแห่งชาติ
81,2566,ประจวบคีรีขันธ์,ความเดือดร้อน อันดับ 3,แก้ไขปัญหาเศรษฐกิจตกต่ำ,25.1,ร้อยละ,สำนักงานสถิติแห่งชาติ
82,2566,นครราชสีมา,ความเดือดร้อน อันดับ 1,แก้ไขปัญหาค่าครองชีพสูง,33.7,ร้อยละ,สำนักงานสถิติแห่งชาติ
83,2566,นครราชสีมา,ความเดือดร้อน อันดับ 2,ปรับ/เพิ่มราคาพืชผลทางการเกษตรราคาตกต่ำ (ข้าว ยางพารา อ้อย ปาล์มน้ำมัน สัตว์น้ำ สัตว์บก ฯลฯ),31.5,ร้อยละ,สำนักงานสถิติแห่งชาติ
84,2566,นครราชสีมา,ความเดือดร้อน อันดับ 3,จัดหาอาชีพเสริมเพิ่มรายได้,13.2,ร้อยละ,สำนักงานสถิติแห่งชาติ
85,2566,บุรีรัมย์,ความเดือดร้อน อันดับ 1,แก้ไขปัญหาค่าครองชีพสูง,56.3,ร้อยละ,สำนักงานสถิติแห่งชาติ
86,2566,บุรีรัมย์,ความเดือดร้อน อันดับ 2,ปรับ/เพิ่มราคาพืชผลทางการเกษตรราคาตกต่ำ (ข้าว ยางพารา อ้อย ปาล์มน้ำมัน สัตว์น้ำ สัตว์บก ฯลฯ),53.9,ร้อยละ,สำนักงานสถิติแห่งชาติ
87,2566,บุรีรัมย์,ความเดือดร้อน อันดับ 3,จัดหาอาชีพเสริมเพิ่มรายได้,24.6,ร้อยละ,สำนักงานสถิติแห่งชาติ
88,2566,สุรินทร์,ความเดือดร้อน อันดับ 1,ปรับ/เพิ่มราคาพืชผลทางการเกษตรราคาตกต่ำ (ข้าว ยางพารา อ้อย ปาล์มน้ำมัน สัตว์น้ำ สัตว์บก ฯลฯ),46,ร้อยละ,สำนักงานสถิติแห่งชาติ
89,2566,สุรินทร์,ความเดือดร้อน อันดับ 2,แก้ไขปัญหาค่าครองชีพสูง,37.9,ร้อยละ,สำนักงานสถิติแห่งชาติ
90,2566,สุรินทร์,ความเดือดร้อน อันดับ 3,จัดหาอาชีพเสริมเพิ่มรายได้,27.5,ร้อยละ,สำนักงานสถิติแห่งชาติ
91,2566,ศรีสะเกษ,ความเดือดร้อน อันดับ 1,ปรับ/เพิ่มราคาพืชผลทางการเกษตรราคาตกต่ำ (ข้าว ยางพารา อ้อย ปาล์มน้ำมัน สัตว์น้ำ สัตว์บก ฯลฯ),58.6,ร้อยละ,สำนักงานสถิติแห่งชาติ
92,2566,ศรีสะเกษ,ความเดือดร้อน อันดับ 2,แก้ไขปัญหาค่าครองชีพสูง,41.7,ร้อยละ,สำนักงานสถิติแห่งชาติ
93,2566,ศรีสะเกษ,ความเดือดร้อน อันดับ 3,จัดหาอาชีพเสริมเพิ่มรายได้,22.5,ร้อยละ,สำนักงานสถิติแห่งชาติ
94,2566,อุบลราชธานี,ความเดือดร้อน อันดับ 1,ปรับ/เพิ่มราคาพืชผลทางการเกษตรราคาตกต่ำ (ข้าว ยางพารา อ้อย ปาล์มน้ำมัน สัตว์น้ำ สัตว์บก ฯลฯ),66.8,ร้อยละ,สำนักงานสถิติแห่งชาติ
95,2566,อุบลราชธานี,ความเดือดร้อน อันดับ 2,แก้ไขปัญหาค่าครองชีพสูง,48.1,ร้อยละ,สำนักงานสถิติแห่งชาติ
96,2566,อุบลราชธานี,ความเดือดร้อน อันดับ 3,ลดราคาปุ๋ยและสารเคมี,29.5,ร้อยละ,สำนักงานสถิติแห่งชาติ
97,2566,ยโสธร,ความเดือดร้อน อันดับ 1,ปรับ/เพิ่มราคาพืชผลทางการเกษตรราคาตกต่ำ (ข้าว ยางพารา อ้อย ปาล์มน้ำมัน สัตว์น้ำ สัตว์บก ฯลฯ),56.2,ร้อยละ,สำนักงานสถิติแห่งชาติ
98,2566,ยโสธร,ความเดือดร้อน อันดับ 2,แก้ไขปัญหาค่าครองชีพสูง,47,ร้อยละ,สำนักงานสถิติแห่งชาติ
99,2566,ยโสธร,ความเดือดร้อน อันดับ 3,จัดหาอาชีพเสริมเพิ่มรายได้,41.6,ร้อยละ,สำนักงานสถิติแห่งชาติ
100,2566,ชัยภูมิ,ความเดือดร้อน อันดับ 1,แก้ไขปัญหาค่าครองชีพสูง,31.8,ร้อยละ,สำนักงานสถิติแห่งชาติ
101,2566,ชัยภูมิ,ความเดือดร้อน อันดับ 2,ปรับ/เพิ่มราคาพืชผลทางการเกษตรราคาตกต่ำ (ข้าว ยางพารา อ้อย ปาล์มน้ำมัน สัตว์น้ำ สัตว์บก ฯลฯ),28.2,ร้อยละ,สำนักงานสถิติแห่งชาติ
102,2566,ชัยภูมิ,ความเดือดร้อน อันดับ 3,จัดหาอาชีพเสริมเพิ่มรายได้,17.1,ร้อยละ,สำนักงานสถิติแห่งชาติ
103,2566,อำนาจเจริญ,ความเดือดร้อน อันดับ 1,ปรับ/เพิ่มราคาพืชผลทางการเกษตรราคาตกต่ำ (ข้าว ยางพารา อ้อย ปาล์มน้ำมัน สัตว์น้ำ สัตว์บก ฯลฯ),42.2,ร้อยละ,สำนักงานสถิติแห่งชาติ
104,2566,อำนาจเจริญ,ความเดือดร้อน อันดับ 2,แก้ไขปัญหาค่าครองชีพสูง,31,ร้อยละ,สำนักงานสถิติแห่งชาติ
105,2566,อำนาจเจริญ,ความเดือดร้อน อันดับ 3,จัดหาอาชีพเสริมเพิ่มรายได้,24.2,ร้อยละ,สำนักงานสถิติแห่งชาติ
106,2566,บึงกาฬ,ความเดือดร้อน อันดับ 1,ปรับ/เพิ่มราคาพืชผลทางการเกษตรราคาตกต่ำ (ข้าว ยางพารา อ้อย ปาล์มน้ำมัน สัตว์น้ำ สัตว์บก ฯลฯ),65.5,ร้อยละ,สำนักงานสถิติแห่งชาติ
107,2566,บึงกาฬ,ความเดือดร้อน อันดับ 2,เข้มงวด กวดขันและปราบปรามยาเสพติด,45.2,ร้อยละ,สำนักงานสถิติแห่งชาติ
108,2566,บึงกาฬ,ความเดือดร้อน อันดับ 3,แก้ไขปัญหาค่าครองชีพสูง,25.1,ร้อยละ,สำนักงานสถิติแห่งชาติ
109,2566,หนองบัวลำภู,ความเดือดร้อน อันดับ 1,แก้ไขปัญหาค่าครองชีพสูง,29.8,ร้อยละ,สำนักงานสถิติแห่งชาติ
110,2566,หนองบัวลำภู,ความเดือดร้อน อันดับ 2,ลดราคาปุ๋ยและสารเคมี,22.3,ร้อยละ,สำนักงานสถิติแห่งชาติ
111,2566,หนองบัวลำภู,ความเดือดร้อน อันดับ 3,หาน้ำทำการเกษตร,18.3,ร้อยละ,สำนักงานสถิติแห่งชาติ
112,2566,ขอนแก่น,ความเดือดร้อน อันดับ 1,แก้ไขปัญหาค่าครองชีพสูง,47.9,ร้อยละ,สำนักงานสถิติแห่งชาติ
113,2566,ขอนแก่น,ความเดือดร้อน อันดับ 2,จัดหาอาชีพเสริมเพิ่มรายได้,36.3,ร้อยละ,สำนักงานสถิติแห่งชาติ
114,2566,ขอนแก่น,ความเดือดร้อน อันดับ 3,ปรับ/เพิ่มราคาพืชผลทางการเกษตรราคาตกต่ำ (ข้าว ยางพารา อ้อย ปาล์มน้ำมัน สัตว์น้ำ สัตว์บก ฯลฯ),34.3,ร้อยละ,สำนักงานสถิติแห่งชาติ
115,2566,อุดรธานี,ความเดือดร้อน อันดับ 1,ปรับ/เพิ่มราคาพืชผลทางการเกษตรราคาตกต่ำ (ข้าว ยางพารา อ้อย ปาล์มน้ำมัน สัตว์น้ำ สัตว์บก ฯลฯ),64.3,ร้อยละ,สำนักงานสถิติแห่งชาติ
116,2566,อุดรธานี,ความเดือดร้อน อันดับ 2,แก้ไขปัญหาค่าครองชีพสูง,59.7,ร้อยละ,สำนักงานสถิติแห่งชาติ
117,2566,อุดรธานี,ความเดือดร้อน อันดับ 3,แก้ไขปัญหาว่างงาน/ตกงาน,35.7,ร้อยละ,สำนักงานสถิติแห่งชาติ
118,2566,เลย,ความเดือดร้อน อันดับ 1,ปรับ/เพิ่มราคาพืชผลทางการเกษตรราคาตกต่ำ (ข้าว ยางพารา อ้อย ปาล์มน้ำมัน สัตว์น้ำ สัตว์บก ฯลฯ),45,ร้อยละ,สำนักงานสถิติแห่งชาติ
119,2566,เลย,ความเดือดร้อน อันดับ 2,แก้ไขปัญหาค่าครองชีพสูง,22.1,ร้อยละ,สำนักงานสถิติแห่งชาติ
120,2566,เลย,ความเดือดร้อน อันดับ 3,หาน้ำทำการเกษตร,18.4,ร้อยละ,สำนักงานสถิติแห่งชาติ
121,2566,หนองคาย,ความเดือดร้อน อันดับ 1,ปรับ/เพิ่มราคาพืชผลทางการเกษตรราคาตกต่ำ (ข้าว ยางพารา อ้อย ปาล์มน้ำมัน สัตว์น้ำ สัตว์บก ฯลฯ),55,ร้อยละ,สำนักงานสถิติแห่งชาติ
122,2566,หนองคาย,ความเดือดร้อน อันดับ 2,แก้ไขปัญหาค่าครองชีพสูง,34.2,ร้อยละ,สำนักงานสถิติแห่งชาติ
123,2566,หนองคาย,ความเดือดร้อน อันดับ 3,จัดหาอาชีพเสริมเพิ่มรายได้,24.5,ร้อยละ,สำนักงานสถิติแห่งชาติ
124,2566,มหาสารคาม,ความเดือดร้อน อันดับ 1,ปรับ/เพิ่มราคาพืชผลทางการเกษตรราคาตกต่ำ (ข้าว ยางพารา อ้อย ปาล์มน้ำมัน สัตว์น้ำ สัตว์บก ฯลฯ),50.8,ร้อยละ,สำนักงานสถิติแห่งชาติ
125,2566,มหาสารคาม,ความเดือดร้อน อันดับ 2,แก้ไขปัญหาค่าครองชีพสูง,36.3,ร้อยละ,สำนักงานสถิติแห่งชาติ
126,2566,มหาสารคาม,ความเดือดร้อน อันดับ 3,แก้ไขปัญหาเศรษฐกิจตกต่ำ,27.2,ร้อยละ,สำนักงานสถิติแห่งชาติ
127,2566,ร้อยเอ็ด,ความเดือดร้อน อันดับ 1,ปรับ/เพิ่มราคาพืชผลทางการเกษตรราคาตกต่ำ (ข้าว ยางพารา อ้อย ปาล์มน้ำมัน สัตว์น้ำ สัตว์บก ฯลฯ),41.7,ร้อยละ,สำนักงานสถิติแห่งชาติ
128,2566,ร้อยเอ็ด,ความเดือดร้อน อันดับ 2,แก้ไขปัญหาค่าครองชีพสูง,28.1,ร้อยละ,สำนักงานสถิติแห่งชาติ
129,2566,ร้อยเอ็ด,ความเดือดร้อน อันดับ 3,จัดหาอาชีพเสริมเพิ่มรายได้,24.9,ร้อยละ,สำนักงานสถิติแห่งชาติ
130,2566,กาฬสินธุ์,ความเดือดร้อน อันดับ 1,ปรับ/เพิ่มราคาพืชผลทางการเกษตรราคาตกต่ำ (ข้าว ยางพารา อ้อย ปาล์มน้ำมัน สัตว์น้ำ สัตว์บก ฯลฯ),30.8,ร้อยละ,สำนักงานสถิติแห่งชาติ
131,2566,กาฬสินธุ์,ความเดือดร้อน อันดับ 2,แก้ไขปัญหาค่าครองชีพสูง,18.2,ร้อยละ,สำนักงานสถิติแห่งชาติ
132,2566,กาฬสินธุ์,ความเดือดร้อน อันดับ 3,เข้มงวด กวดขันและปราบปรามยาเสพติด,17.5,ร้อยละ,สำนักงานสถิติแห่งชาติ
133,2566,สกลนคร,ความเดือดร้อน อันดับ 1,ปรับ/เพิ่มราคาพืชผลทางการเกษตรราคาตกต่ำ (ข้าว ยางพารา อ้อย ปาล์มน้ำมัน สัตว์น้ำ สัตว์บก ฯลฯ),33.7,ร้อยละ,สำนักงานสถิติแห่งชาติ
134,2566,สกลนคร,ความเดือดร้อน อันดับ 2,แก้ไขปัญหาค่าครองชีพสูง,27.7,ร้อยละ,สำนักงานสถิติแห่งชาติ
135,2566,สกลนคร,ความเดือดร้อน อันดับ 3,หาน้ำทำการเกษตร,15.5,ร้อยละ,สำนักงานสถิติแห่งชาติ
136,2566,นครพนม,ความเดือดร้อน อันดับ 1,ปรับ/เพิ่มราคาพืชผลทางการเกษตรราคาตกต่ำ (ข้าว ยางพารา อ้อย ปาล์มน้ำมัน สัตว์น้ำ สัตว์บก ฯลฯ),46.9,ร้อยละ,สำนักงานสถิติแห่งชาติ
137,2566,นครพนม,ความเดือดร้อน อันดับ 2,แก้ไขปัญหาค่าครองชีพสูง,37,ร้อยละ,สำนักงานสถิติแห่งชาติ
138,2566,นครพนม,ความเดือดร้อน อันดับ 3,จัดหาอาชีพเสริมเพิ่มรายได้,25.7,ร้อยละ,สำนักงานสถิติแห่งชาติ
139,2566,มุกดาหาร,ความเดือดร้อน อันดับ 1,ปรับ/เพิ่มราคาพืชผลทางการเกษตรราคาตกต่ำ (ข้าว ยางพารา อ้อย ปาล์มน้ำมัน สัตว์น้ำ สัตว์บก ฯลฯ),57.4,ร้อยละ,สำนักงานสถิติแห่งชาติ
140,2566,มุกดาหาร,ความเดือดร้อน อันดับ 2,แก้ไขปัญหาค่าครองชีพสูง,44.1,ร้อยละ,สำนักงานสถิติแห่งชาติ
141,2566,มุกดาหาร,ความเดือดร้อน อันดับ 3,หาน้ำทำการเกษตร,19.9,ร้อยละ,สำนักงานสถิติแห่งชาติ
142,2566,เชียงใหม่,ความเดือดร้อน อันดับ 1,ปรับ/เพิ่มราคาพืชผลทางการเกษตรราคาตกต่ำ (ข้าว ยางพารา อ้อย ปาล์มน้ำมัน สัตว์น้ำ สัตว์บก ฯลฯ),35.7,ร้อยละ,สำนักงานสถิติแห่งชาติ
143,2566,เชียงใหม่,ความเดือดร้อน อันดับ 2,แก้ไขปัญหาค่าครองชีพสูง,32.4,ร้อยละ,สำนักงานสถิติแห่งชาติ
144,2566,เชียงใหม่,ความเดือดร้อน อันดับ 3,จัดหาอาชีพเสริมเพิ่มรายได้,29.3,ร้อยละ,สำนักงานสถิติแห่งชาติ
145,2566,ลำพูน,ความเดือดร้อน อันดับ 1,ปรับ/เพิ่มราคาพืชผลทางการเกษตรราคาตกต่ำ (ข้าว ยางพารา อ้อย ปาล์มน้ำมัน สัตว์น้ำ สัตว์บก ฯลฯ),64,ร้อยละ,สำนักงานสถิติแห่งชาติ
146,2566,ลำพูน,ความเดือดร้อน อันดับ 2,แก้ไขปัญหาค่าครองชีพสูง,48.8,ร้อยละ,สำนักงานสถิติแห่งชาติ
147,2566,ลำพูน,ความเดือดร้อน อันดับ 3,จัดหาอาชีพเสริมเพิ่มรายได้,36.7,ร้อยละ,สำนักงานสถิติแห่งชาติ
148,2566,ลำปาง,ความเดือดร้อน อันดับ 1,หาน้ำทำการเกษตร,27.1,ร้อยละ,สำนักงานสถิติแห่งชาติ
149,2566,ลำปาง,ความเดือดร้อน อันดับ 2,ปรับ/เพิ่มราคาพืชผลทางการเกษตรราคาตกต่ำ (ข้าว ยางพารา อ้อย ปาล์มน้ำมัน สัตว์น้ำ สัตว์บก ฯลฯ),21.2,ร้อยละ,สำนักงานสถิติแห่งชาติ
150,2566,ลำปาง,ความเดือดร้อน อันดับ 3,จัดหาอาชีพเสริมเพิ่มรายได้,18.3,ร้อยละ,สำนักงานสถิติแห่งชาติ
151,2566,อุตรดิตถ์,ความเดือดร้อน อันดับ 1,ปรับ/เพิ่มราคาพืชผลทางการเกษตรราคาตกต่ำ (ข้าว ยางพารา อ้อย ปาล์มน้ำมัน สัตว์น้ำ สัตว์บก ฯลฯ),43.1,ร้อยละ,สำนักงานสถิติแห่งชาติ
152,2566,อุตรดิตถ์,ความเดือดร้อน อันดับ 2,แก้ไขปัญหาค่าครองชีพสูง,38.1,ร้อยละ,สำนักงานสถิติแห่งชาติ
153,2566,อุตรดิตถ์,ความเดือดร้อน อันดับ 3,หาน้ำทำการเกษตร,25.1,ร้อยละ,สำนักงานสถิติแห่งชาติ
154,2566,แพร่,ความเดือดร้อน อันดับ 1,ปรับ/เพิ่มราคาพืชผลทางการเกษตรราคาตกต่ำ (ข้าว ยางพารา อ้อย ปาล์มน้ำมัน สัตว์น้ำ สัตว์บก ฯลฯ),35,ร้อยละ,สำนักงานสถิติแห่งชาติ
155,2566,แพร่,ความเดือดร้อน อันดับ 2,แก้ไขปัญหาค่าครองชีพสูง,21,ร้อยละ,สำนักงานสถิติแห่งชาติ
156,2566,แพร่,ความเดือดร้อน อันดับ 3,หาน้ำทำการเกษตร,20.6,ร้อยละ,สำนักงานสถิติแห่งชาติ
157,2566,น่าน,ความเดือดร้อน อันดับ 1,ปรับ/เพิ่มราคาพืชผลทางการเกษตรราคาตกต่ำ (ข้าว ยางพารา อ้อย ปาล์มน้ำมัน สัตว์น้ำ สัตว์บก ฯลฯ),48.3,ร้อยละ,สำนักงานสถิติแห่งชาติ
158,2566,น่าน,ความเดือดร้อน อันดับ 2,แก้ไขปัญหาค่าครองชีพสูง,26.3,ร้อยละ,สำนักงานสถิติแห่งชาติ
159,2566,น่าน,ความเดือดร้อน อันดับ 3,จัดหาอาชีพเสริมเพิ่มรายได้,20.9,ร้อยละ,สำนักงานสถิติแห่งชาติ
160,2566,พะเยา,ความเดือดร้อน อันดับ 1,ปรับ/เพิ่มราคาพืชผลทางการเกษตรราคาตกต่ำ (ข้าว ยางพารา อ้อย ปาล์มน้ำมัน สัตว์น้ำ สัตว์บก ฯลฯ),58.9,ร้อยละ,สำนักงานสถิติแห่งชาติ
161,2566,พะเยา,ความเดือดร้อน อันดับ 2,แก้ไขปัญหาค่าครองชีพสูง,42,ร้อยละ,สำนักงานสถิติแห่งชาติ
162,2566,พะเยา,ความเดือดร้อน อันดับ 3,จัดหาอาชีพเสริมเพิ่มรายได้,31.8,ร้อยละ,สำนักงานสถิติแห่งชาติ
163,2566,เชียงราย,ความเดือดร้อน อันดับ 1,ปรับ/เพิ่มราคาพืชผลทางการเกษตรราคาตกต่ำ (ข้าว ยางพารา อ้อย ปาล์มน้ำมัน สัตว์น้ำ สัตว์บก ฯลฯ),62.9,ร้อยละ,สำนักงานสถิติแห่งชาติ
164,2566,เชียงราย,ความเดือดร้อน อันดับ 2,จัดหาอาชีพเสริมเพิ่มรายได้,41.9,ร้อยละ,สำนักงานสถิติแห่งชาติ
165,2566,เชียงราย,ความเดือดร้อน อันดับ 3,หาน้ำทำการเกษตร,29.7,ร้อยละ,สำนักงานสถิติแห่งชาติ
166,2566,แม่ฮ่องสอน,ความเดือดร้อน อันดับ 1,ปรับ/เพิ่มราคาพืชผลทางการเกษตรราคาตกต่ำ (ข้าว ยางพารา อ้อย ปาล์มน้ำมัน สัตว์น้ำ สัตว์บก ฯลฯ),31.2,ร้อยละ,สำนักงานสถิติแห่งชาติ
167,2566,แม่ฮ่องสอน,ความเดือดร้อน อันดับ 2,แก้ไขปัญหาค่าครองชีพสูง,27.4,ร้อยละ,สำนักงานสถิติแห่งชาติ
168,2566,แม่ฮ่องสอน,ความเดือดร้อน อันดับ 3,ปรับปรุงถนนเป็นลูกรัง/เส้นทางสัญจรไม่สะดวก (ทางบก),25.8,ร้อยละ,สำนักงานสถิติแห่งชาติ
169,2566,นครสวรรค์,ความเดือดร้อน อันดับ 1,ปรับ/เพิ่มราคาพืชผลทางการเกษตรราคาตกต่ำ (ข้าว ยางพารา อ้อย ปาล์มน้ำมัน สัตว์น้ำ สัตว์บก ฯลฯ),39.5,ร้อยละ,สำนักงานสถิติแห่งชาติ
170,2566,นครสวรรค์,ความเดือดร้อน อันดับ 2,แก้ไขปัญหาค่าครองชีพสูง,28.3,ร้อยละ,สำนักงานสถิติแห่งชาติ
171,2566,นครสวรรค์,ความเดือดร้อน อันดับ 3,หาน้ำทำการเกษตร,21,ร้อยละ,สำนักงานสถิติแห่งชาติ
172,2566,อุทัยธานี,ความเดือดร้อน อันดับ 1,แก้ไขปัญหาค่าครองชีพสูง,59.5,ร้อยละ,สำนักงานสถิติแห่งชาติ
173,2566,อุทัยธานี,ความเดือดร้อน อันดับ 2,ลดราคาปุ๋ยและสารเคมี,55.1,ร้อยละ,สำนักงานสถิติแห่งชาติ
174,2566,อุทัยธานี,ความเดือดร้อน อันดับ 3,ปรับ/เพิ่มราคาพืชผลทางการเกษตรราคาตกต่ำ (ข้าว ยางพารา อ้อย ปาล์มน้ำมัน สัตว์น้ำ สัตว์บก ฯลฯ),28.3,ร้อยละ,สำนักงานสถิติแห่งชาติ
175,2566,กำแพงเพชร,ความเดือดร้อน อันดับ 1,แก้ไขปัญหาค่าครองชีพสูง,45.8,ร้อยละ,สำนักงานสถิติแห่งชาติ
176,2566,กำแพงเพชร,ความเดือดร้อน อันดับ 2,ปรับ/เพิ่มราคาพืชผลทางการเกษตรราคาตกต่ำ (ข้าว ยางพารา อ้อย ปาล์มน้ำมัน สัตว์น้ำ สัตว์บก ฯลฯ),37.7,ร้อยละ,สำนักงานสถิติแห่งชาติ
177,2566,กำแพงเพชร,ความเดือดร้อน อันดับ 3,ลดราคาปุ๋ยและสารเคมี,31.8,ร้อยละ,สำนักงานสถิติแห่งชาติ
178,2566,ตาก,ความเดือดร้อน อันดับ 1,ปรับ/เพิ่มราคาพืชผลทางการเกษตรราคาตกต่ำ (ข้าว ยางพารา อ้อย ปาล์มน้ำมัน สัตว์น้ำ สัตว์บก ฯลฯ),24.7,ร้อยละ,สำนักงานสถิติแห่งชาติ
179,2566,ตาก,ความเดือดร้อน อันดับ 2,แก้ไขปัญหาค่าครองชีพสูง,19.6,ร้อยละ,สำนักงานสถิติแห่งชาติ
180,2566,ตาก,ความเดือดร้อน อันดับ 3,หาน้ำทำการเกษตร,17.1,ร้อยละ,สำนักงานสถิติแห่งชาติ
181,2566,สุโขทัย,ความเดือดร้อน อันดับ 1,ปรับ/เพิ่มราคาพืชผลทางการเกษตรราคาตกต่ำ (ข้าว ยางพารา อ้อย ปาล์มน้ำมัน สัตว์น้ำ สัตว์บก ฯลฯ),51,ร้อยละ,สำนักงานสถิติแห่งชาติ
182,2566,สุโขทัย,ความเดือดร้อน อันดับ 2,แก้ไขปัญหาค่าครองชีพสูง,40.9,ร้อยละ,สำนักงานสถิติแห่งชาติ
183,2566,สุโขทัย,ความเดือดร้อน อันดับ 3,ลดราคาปุ๋ยและสารเคมี,31.6,ร้อยละ,สำนักงานสถิติแห่งชาติ
184,2566,พิษณุโลก,ความเดือดร้อน อันดับ 1,ปรับ/เพิ่มราคาพืชผลทางการเกษตรราคาตกต่ำ (ข้าว ยางพารา อ้อย ปาล์มน้ำมัน สัตว์น้ำ สัตว์บก ฯลฯ),57.2,ร้อยละ,สำนักงานสถิติแห่งชาติ
185,2566,พิษณุโลก,ความเดือดร้อน อันดับ 2,แก้ไขปัญหาค่าครองชีพสูง,46.4,ร้อยละ,สำนักงานสถิติแห่งชาติ
186,2566,พิษณุโลก,ความเดือดร้อน อันดับ 3,จัดหาอาชีพเสริมเพิ่มรายได้,24,ร้อยละ,สำนักงานสถิติแห่งชาติ
187,2566,พิจิตร,ความเดือดร้อน อันดับ 1,ปรับ/เพิ่มราคาพืชผลทางการเกษตรราคาตกต่ำ (ข้าว ยางพารา อ้อย ปาล์มน้ำมัน สัตว์น้ำ สัตว์บก ฯลฯ),42.1,ร้อยละ,สำนักงานสถิติแห่งชาติ
188,2566,พิจิตร,ความเดือดร้อน อันดับ 2,แก้ไขปัญหาค่าครองชีพสูง,41.8,ร้อยละ,สำนักงานสถิติแห่งชาติ
189,2566,พิจิตร,ความเดือดร้อน อันดับ 3,จัดหาอาชีพเสริมเพิ่มรายได้,33.1,ร้อยละ,สำนักงานสถิติแห่งชาติ
190,2566,เพชรบูรณ์,ความเดือดร้อน อันดับ 1,ปรับ/เพิ่มราคาพืชผลทางการเกษตรราคาตกต่ำ (ข้าว ยางพารา อ้อย ปาล์มน้ำมัน สัตว์น้ำ สัตว์บก ฯลฯ),53.1,ร้อยละ,สำนักงานสถิติแห่งชาติ
191,2566,เพชรบูรณ์,ความเดือดร้อน อันดับ 2,แก้ไขปัญหาค่าครองชีพสูง,34.2,ร้อยละ,สำนักงานสถิติแห่งชาติ
192,2566,เพชรบูรณ์,ความเดือดร้อน อันดับ 3,ลดราคาปุ๋ยและสารเคมี,26.2,ร้อยละ,สำนักงานสถิติแห่งชาติ
193,2566,นครศรีธรรมราช,ความเดือดร้อน อันดับ 1,ปรับ/เพิ่มราคาพืชผลทางการเกษตรราคาตกต่ำ (ข้าว ยางพารา อ้อย ปาล์มน้ำมัน สัตว์น้ำ สัตว์บก ฯลฯ),61.3,ร้อยละ,สำนักงานสถิติแห่งชาติ
194,2566,นครศรีธรรมราช,ความเดือดร้อน อันดับ 2,แก้ไขปัญหาค่าครองชีพสูง,60.7,ร้อยละ,สำนักงานสถิติแห่งชาติ
195,2566,นครศรีธรรมราช,ความเดือดร้อน อันดับ 3,จัดหาอาชีพเสริมเพิ่มรายได้,26.4,ร้อยละ,สำนักงานสถิติแห่งชาติ
196,2566,กระบี่,ความเดือดร้อน อันดับ 1,ปรับ/เพิ่มราคาพืชผลทางการเกษตรราคาตกต่ำ (ข้าว ยางพารา อ้อย ปาล์มน้ำมัน สัตว์น้ำ สัตว์บก ฯลฯ),51.7,ร้อยละ,สำนักงานสถิติแห่งชาติ
197,2566,กระบี่,ความเดือดร้อน อันดับ 2,แก้ไขปัญหาค่าครองชีพสูง,39.7,ร้อยละ,สำนักงานสถิติแห่งชาติ
198,2566,กระบี่,ความเดือดร้อน อันดับ 3,เข้มงวด กวดขันและปราบปรามยาเสพติด,31.5,ร้อยละ,สำนักงานสถิติแห่งชาติ
199,2566,พังงา,ความเดือดร้อน อันดับ 1,แก้ไขปัญหาค่าครองชีพสูง,57.4,ร้อยละ,สำนักงานสถิติแห่งชาติ
200,2566,พังงา,ความเดือดร้อน อันดับ 2,ปรับ/เพิ่มราคาพืชผลทางการเกษตรราคาตกต่ำ (ข้าว ยางพารา อ้อย ปาล์มน้ำมัน สัตว์น้ำ สัตว์บก ฯลฯ),32,ร้อยละ,สำนักงานสถิติแห่งชาติ
201,2566,พังงา,ความเดือดร้อน อันดับ 3,จัดหาอาชีพเสริมเพิ่มรายได้,20.3,ร้อยละ,สำนักงานสถิติแห่งชาติ
202,2566,ภูเก็ต,ความเดือดร้อน อันดับ 1,แก้ไขปัญหาค่าครองชีพสูง,56.7,ร้อยละ,สำนักงานสถิติแห่งชาติ
203,2566,ภูเก็ต,ความเดือดร้อน อันดับ 2,จัดหาอาชีพเสริมเพิ่มรายได้,20.7,ร้อยละ,สำนักงานสถิติแห่งชาติ
204,2566,ภูเก็ต,ความเดือดร้อน อันดับ 3,หาน้ำสำหรับอุปโภค-บริโภค,10.4,ร้อยละ,สำนักงานสถิติแห่งชาติ
205,2566,สุราษฎร์ธานี,ความเดือดร้อน อันดับ 1,ปรับ/เพิ่มราคาพืชผลทางการเกษตรราคาตกต่ำ (ข้าว ยางพารา อ้อย ปาล์มน้ำมัน สัตว์น้ำ สัตว์บก ฯลฯ),50.1,ร้อยละ,สำนักงานสถิติแห่งชาติ
206,2566,สุราษฎร์ธานี,ความเดือดร้อน อันดับ 2,แก้ไขปัญหาค่าครองชีพสูง,37.3,ร้อยละ,สำนักงานสถิติแห่งชาติ
207,2566,สุราษฎร์ธานี,ความเดือดร้อน อันดับ 3,ลดราคาปุ๋ยและสารเคมี,15.7,ร้อยละ,สำนักงานสถิติแห่งชาติ
208,2566,ระนอง,ความเดือดร้อน อันดับ 1,ปรับ/เพิ่มราคาพืชผลทางการเกษตรราคาตกต่ำ (ข้าว ยางพารา อ้อย ปาล์มน้ำมัน สัตว์น้ำ สัตว์บก ฯลฯ),36.3,ร้อยละ,สำนักงานสถิติแห่งชาติ
209,2566,ระนอง,ความเดือดร้อน อันดับ 2,ต้องการเอกสารสิทธิ์ในที่ดินทำกิน,28.3,ร้อยละ,สำนักงานสถิติแห่งชาติ
210,2566,ระนอง,ความเดือดร้อน อันดับ 3,หาน้ำทำการเกษตร,15.1,ร้อยละ,สำนักงานสถิติแห่งชาติ
211,2566,ชุมพร,ความเดือดร้อน อันดับ 1,ปรับ/เพิ่มราคาพืชผลทางการเกษตรราคาตกต่ำ (ข้าว ยางพารา อ้อย ปาล์มน้ำมัน สัตว์น้ำ สัตว์บก ฯลฯ),22.6,ร้อยละ,สำนักงานสถิติแห่งชาติ
212,2566,ชุมพร,ความเดือดร้อน อันดับ 2,แก้ไขปัญหาค่าครองชีพสูง,19.7,ร้อยละ,สำนักงานสถิติแห่งชาติ
213,2566,ชุมพร,ความเดือดร้อน อันดับ 3,ลดราคาปุ๋ยและสารเคมี,15.3,ร้อยละ,สำนักงานสถิติแห่งชาติ
214,2566,สงขลา,ความเดือดร้อน อันดับ 1,แก้ไขปัญหาค่าครองชีพสูง,51.9,ร้อยละ,สำนักงานสถิติแห่งชาติ
215,2566,สงขลา,ความเดือดร้อน อันดับ 2,ปรับ/เพิ่มราคาพืชผลทางการเกษตรราคาตกต่ำ (ข้าว ยางพารา อ้อย ปาล์มน้ำมัน สัตว์น้ำ สัตว์บก ฯลฯ),48.8,ร้อยละ,สำนักงานสถิติแห่งชาติ
216,2566,สงขลา,ความเดือดร้อน อันดับ 3,จัดหาอาชีพเสริมเพิ่มรายได้,19.3,ร้อยละ,สำนักงานสถิติแห่งชาติ
217,2566,สตูล,ความเดือดร้อน อันดับ 1,แก้ไขปัญหาค่าครองชีพสูง,44.4,ร้อยละ,สำนักงานสถิติแห่งชาติ
218,2566,สตูล,ความเดือดร้อน อันดับ 2,ปรับ/เพิ่มราคาพืชผลทางการเกษตรราคาตกต่ำ (ข้าว ยางพารา อ้อย ปาล์มน้ำมัน สัตว์น้ำ สัตว์บก ฯลฯ),29.1,ร้อยละ,สำนักงานสถิติแห่งชาติ
219,2566,สตูล,ความเดือดร้อน อันดับ 3,จัดหาอาชีพเสริมเพิ่มรายได้,14.1,ร้อยละ,สำนักงานสถิติแห่งชาติ
220,2566,ตรัง,ความเดือดร้อน อันดับ 1,แก้ไขปัญหาค่าครองชีพสูง,69.6,ร้อยละ,สำนักงานสถิติแห่งชาติ
221,2566,ตรัง,ความเดือดร้อน อันดับ 2,ปรับ/เพิ่มราคาพืชผลทางการเกษตรราคาตกต่ำ (ข้าว ยางพารา อ้อย ปาล์มน้ำมัน สัตว์น้ำ สัตว์บก ฯลฯ),44.2,ร้อยละ,สำนักงานสถิติแห่งชาติ
222,2566,ตรัง,ความเดือดร้อน อันดับ 3,จัดหาอาชีพเสริมเพิ่มรายได้,36.2,ร้อยละ,สำนักงานสถิติแห่งชาติ
223,2566,พัทลุง,ความเดือดร้อน อันดับ 1,ปรับ/เพิ่มราคาพืชผลทางการเกษตรราคาตกต่ำ (ข้าว ยางพารา อ้อย ปาล์มน้ำมัน สัตว์น้ำ สัตว์บก ฯลฯ),51.2,ร้อยละ,สำนักงานสถิติแห่งชาติ
224,2566,พัทลุง,ความเดือดร้อน อันดับ 2,แก้ไขปัญหาค่าครองชีพสูง,49.5,ร้อยละ,สำนักงานสถิติแห่งชาติ
225,2566,พัทลุง,ความเดือดร้อน อันดับ 3,จัดหาอาชีพเสริมเพิ่มรายได้,41,ร้อยละ,สำนักงานสถิติแห่งชาติ
226,2566,ปัตตานี,ความเดือดร้อน อันดับ 1,จัดหาอาชีพเสริมเพิ่มรายได้,55.2,ร้อยละ,สำนักงานสถิติแห่งชาติ
227,2566,ปัตตานี,ความเดือดร้อน อันดับ 2,แก้ไขปัญหาค่าครองชีพสูง,49.7,ร้อยละ,สำนักงานสถิติแห่งชาติ
228,2566,ปัตตานี,ความเดือดร้อน อันดับ 3,ปรับ/เพิ่มราคาพืชผลทางการเกษตรราคาตกต่ำ (ข้าว ยางพารา อ้อย ปาล์มน้ำมัน สัตว์น้ำ สัตว์บก ฯลฯ),38.7,ร้อยละ,สำนักงานสถิติแห่งชาติ
229,2566,ยะลา,ความเดือดร้อน อันดับ 1,ปรับ/เพิ่มราคาพืชผลทางการเกษตรราคาตกต่ำ (ข้าว ยางพารา อ้อย ปาล์มน้ำมัน สัตว์น้ำ สัตว์บก ฯลฯ),60,ร้อยละ,สำนักงานสถิติแห่งชาติ
230,2566,ยะลา,ความเดือดร้อน อันดับ 2,แก้ไขปัญหาค่าครองชีพสูง,31.4,ร้อยละ,สำนักงานสถิติแห่งชาติ
231,2566,ยะลา,ความเดือดร้อน อันดับ 3,แก้ไขปัญหาว่างงาน/ตกงาน,21.3,ร้อยละ,สำนักงานสถิติแห่งชาติ
232,2566,นราธิวาส,ความเดือดร้อน อันดับ 1,ปรับ/เพิ่มราคาพืชผลทางการเกษตรราคาตกต่ำ (ข้าว ยางพารา อ้อย ปาล์มน้ำมัน สัตว์น้ำ สัตว์บก ฯลฯ),58.1,ร้อยละ,สำนักงานสถิติแห่งชาติ
233,2566,นราธิวาส,ความเดือดร้อน อันดับ 2,แก้ไขปัญหาค่าครองชีพสูง,56.5,ร้อยละ,สำนักงานสถิติแห่งชาติ
234,2566,นราธิวาส,ความเดือดร้อน อันดับ 3,แก้ไขปัญหาว่างงาน/ตกงาน,49,ร้อยละ,สำนักงานสถิติแห่งชาติ
