_id,year,region,rm_mun1,value,unit,source
1,2554,กรุงเทพมหานคร,หางานทำ,31.6,พันคน,สำนักงานสถิติแห่งชาติ
2,2554,กรุงเทพมหานคร,ต้องการเปลี่ยนงาน,1.5,พันคน,สำนักงานสถิติแห่งชาติ
3,2554,กรุงเทพมหานคร,ต้องการรายได้เพิ่มขึ้น,11.5,พันคน,สำนักงานสถิติแห่งชาติ
4,2554,กรุงเทพมหานคร,หน้าที่การงาน,11,พันคน,สำนักงานสถิติแห่งชาติ
5,2554,กรุงเทพมหานคร,ศึกษาต่อ,4.8,พันคน,สำนักงานสถิติแห่งชาติ
6,2554,กรุงเทพมหานคร,ติดตามคนในครอบครัว,15,พันคน,สำนักงานสถิติแห่งชาติ
7,2554,กรุงเทพมหานคร,รักษาตัว,1.5,พันคน,สำนักงานสถิติแห่งชาติ
8,2554,กรุงเทพมหานคร,อื่นๆ,0.8,พันคน,สำนักงานสถิติแห่งชาติ
9,2554,กลาง,หางานทำ,89.8,พันคน,สำนักงานสถิติแห่งชาติ
10,2554,กลาง,ต้องการเปลี่ยนงาน,17.6,พันคน,สำนักงานสถิติแห่งชาติ
11,2554,กลาง,ต้องการรายได้เพิ่มขึ้น,4.4,พันคน,สำนักงานสถิติแห่งชาติ
12,2554,กลาง,หน้าที่การงาน,18.1,พันคน,สำนักงานสถิติแห่งชาติ
13,2554,กลาง,ศึกษาต่อ,12,พันคน,สำนักงานสถิติแห่งชาติ
14,2554,กลาง,ย้ายที่อยู่อาศัย,57.3,พันคน,สำนักงานสถิติแห่งชาติ
15,2554,กลาง,กลับภูมิลำเนา,10.4,พันคน,สำนักงานสถิติแห่งชาติ
16,2554,กลาง,ติดตามคนในครอบครัว,85.2,พันคน,สำนักงานสถิติแห่งชาติ
17,2554,กลาง,ทำกิจการครอบครัว,2.2,พันคน,สำนักงานสถิติแห่งชาติ
18,2554,กลาง,รักษาตัว,0.5,พันคน,สำนักงานสถิติแห่งชาติ
19,2554,กลาง,ขาดคนดูแล,8.5,พันคน,สำนักงานสถิติแห่งชาติ
20,2554,กลาง,เพื่อดูแลผู้อื่น,5.8,พันคน,สำนักงานสถิติแห่งชาติ
21,2554,กลาง,อื่นๆ,4.2,พันคน,สำนักงานสถิติแห่งชาติ
22,2554,เหนือ,หางานทำ,20.3,พันคน,สำนักงานสถิติแห่งชาติ
23,2554,เหนือ,ต้องการเปลี่ยนงาน,2.8,พันคน,สำนักงานสถิติแห่งชาติ
24,2554,เหนือ,ต้องการรายได้เพิ่มขึ้น,2.3,พันคน,สำนักงานสถิติแห่งชาติ
25,2554,เหนือ,หน้าที่การงาน,17.3,พันคน,สำนักงานสถิติแห่งชาติ
26,2554,เหนือ,ศึกษาต่อ,11,พันคน,สำนักงานสถิติแห่งชาติ
27,2554,เหนือ,ย้ายที่อยู่อาศัย,17,พันคน,สำนักงานสถิติแห่งชาติ
28,2554,เหนือ,กลับภูมิลำเนา,55.4,พันคน,สำนักงานสถิติแห่งชาติ
29,2554,เหนือ,ติดตามคนในครอบครัว,62.8,พันคน,สำนักงานสถิติแห่งชาติ
30,2554,เหนือ,ทำกิจการครอบครัว,2.2,พันคน,สำนักงานสถิติแห่งชาติ
31,2554,เหนือ,รักษาตัว,2.5,พันคน,สำนักงานสถิติแห่งชาติ
32,2554,เหนือ,ขาดคนดูแล,6.7,พันคน,สำนักงานสถิติแห่งชาติ
33,2554,เหนือ,เพื่อดูแลผู้อื่น,12.1,พันคน,สำนักงานสถิติแห่งชาติ
34,2554,เหนือ,อื่นๆ,4.9,พันคน,สำนักงานสถิติแห่งชาติ
35,2554,ตะวันออกเฉียงเหนือ,หางานทำ,24.4,พันคน,สำนักงานสถิติแห่งชาติ
36,2554,ตะวันออกเฉียงเหนือ,ต้องการเปลี่ยนงาน,8.2,พันคน,สำนักงานสถิติแห่งชาติ
37,2554,ตะวันออกเฉียงเหนือ,ต้องการรายได้เพิ่มขึ้น,5.5,พันคน,สำนักงานสถิติแห่งชาติ
38,2554,ตะวันออกเฉียงเหนือ,หน้าที่การงาน,21,พันคน,สำนักงานสถิติแห่งชาติ
39,2554,ตะวันออกเฉียงเหนือ,ศึกษาต่อ,18.5,พันคน,สำนักงานสถิติแห่งชาติ
40,2554,ตะวันออกเฉียงเหนือ,ย้ายที่อยู่อาศัย,23.9,พันคน,สำนักงานสถิติแห่งชาติ
41,2554,ตะวันออกเฉียงเหนือ,กลับภูมิลำเนา,204.6,พันคน,สำนักงานสถิติแห่งชาติ
42,2554,ตะวันออกเฉียงเหนือ,ติดตามคนในครอบครัว,103.3,พันคน,สำนักงานสถิติแห่งชาติ
43,2554,ตะวันออกเฉียงเหนือ,ทำกิจการครอบครัว,23.4,พันคน,สำนักงานสถิติแห่งชาติ
44,2554,ตะวันออกเฉียงเหนือ,รักษาตัว,4.4,พันคน,สำนักงานสถิติแห่งชาติ
45,2554,ตะวันออกเฉียงเหนือ,ขาดคนดูแล,17.9,พันคน,สำนักงานสถิติแห่งชาติ
46,2554,ตะวันออกเฉียงเหนือ,เพื่อดูแลผู้อื่น,23.6,พันคน,สำนักงานสถิติแห่งชาติ
47,2554,ตะวันออกเฉียงเหนือ,อื่นๆ,29.2,พันคน,สำนักงานสถิติแห่งชาติ
48,2554,ใต้,หางานทำ,22.5,พันคน,สำนักงานสถิติแห่งชาติ
49,2554,ใต้,ต้องการเปลี่ยนงาน,3.5,พันคน,สำนักงานสถิติแห่งชาติ
50,2554,ใต้,ต้องการรายได้เพิ่มขึ้น,2.6,พันคน,สำนักงานสถิติแห่งชาติ
51,2554,ใต้,หน้าที่การงาน,7.2,พันคน,สำนักงานสถิติแห่งชาติ
52,2554,ใต้,ศึกษาต่อ,4.8,พันคน,สำนักงานสถิติแห่งชาติ
53,2554,ใต้,ย้ายที่อยู่อาศัย,20,พันคน,สำนักงานสถิติแห่งชาติ
54,2554,ใต้,กลับภูมิลำเนา,13.9,พันคน,สำนักงานสถิติแห่งชาติ
55,2554,ใต้,ติดตามคนในครอบครัว,47.8,พันคน,สำนักงานสถิติแห่งชาติ
56,2554,ใต้,ทำกิจการครอบครัว,1.1,พันคน,สำนักงานสถิติแห่งชาติ
57,2554,ใต้,รักษาตัว,0.7,พันคน,สำนักงานสถิติแห่งชาติ
58,2554,ใต้,ขาดคนดูแล,3.2,พันคน,สำนักงานสถิติแห่งชาติ
59,2554,ใต้,เพื่อดูแลผู้อื่น,1.5,พันคน,สำนักงานสถิติแห่งชาติ
60,2554,ใต้,อื่นๆ,0.3,พันคน,สำนักงานสถิติแห่งชาติ
61,2555,กรุงเทพมหานคร,หางานทำ,35.2,พันคน,สำนักงานสถิติแห่งชาติ
62,2555,กรุงเทพมหานคร,ต้องการเปลี่ยนงาน,0.7,พันคน,สำนักงานสถิติแห่งชาติ
63,2555,กรุงเทพมหานคร,ต้องการรายได้เพิ่มขึ้น,3.4,พันคน,สำนักงานสถิติแห่งชาติ
64,2555,กรุงเทพมหานคร,หน้าที่การงาน,5.5,พันคน,สำนักงานสถิติแห่งชาติ
65,2555,กรุงเทพมหานคร,ศึกษาต่อ,10.6,พันคน,สำนักงานสถิติแห่งชาติ
66,2555,กรุงเทพมหานคร,ย้ายที่อยู่อาศัย,1.9,พันคน,สำนักงานสถิติแห่งชาติ
67,2555,กรุงเทพมหานคร,ติดตามคนในครอบครัว,11,พันคน,สำนักงานสถิติแห่งชาติ
68,2555,กรุงเทพมหานคร,ขาดคนดูแล,1.5,พันคน,สำนักงานสถิติแห่งชาติ
69,2555,กรุงเทพมหานคร,เพื่อดูแลผู้อื่น,1.9,พันคน,สำนักงานสถิติแห่งชาติ
70,2555,กลาง,หางานทำ,86,พันคน,สำนักงานสถิติแห่งชาติ
71,2555,กลาง,ต้องการเปลี่ยนงาน,17,พันคน,สำนักงานสถิติแห่งชาติ
72,2555,กลาง,ต้องการรายได้เพิ่มขึ้น,9.5,พันคน,สำนักงานสถิติแห่งชาติ
73,2555,กลาง,หน้าที่การงาน,45.2,พันคน,สำนักงานสถิติแห่งชาติ
74,2555,กลาง,ศึกษาต่อ,17.5,พันคน,สำนักงานสถิติแห่งชาติ
75,2555,กลาง,ย้ายที่อยู่อาศัย,69.4,พันคน,สำนักงานสถิติแห่งชาติ
76,2555,กลาง,กลับภูมิลำเนา,13.5,พันคน,สำนักงานสถิติแห่งชาติ
77,2555,กลาง,ติดตามคนในครอบครัว,80.7,พันคน,สำนักงานสถิติแห่งชาติ
78,2555,กลาง,ทำกิจการครอบครัว,3.8,พันคน,สำนักงานสถิติแห่งชาติ
79,2555,กลาง,รักษาตัว,0.5,พันคน,สำนักงานสถิติแห่งชาติ
80,2555,กลาง,ขาดคนดูแล,5.2,พันคน,สำนักงานสถิติแห่งชาติ
81,2555,กลาง,เพื่อดูแลผู้อื่น,2.9,พันคน,สำนักงานสถิติแห่งชาติ
82,2555,กลาง,อื่นๆ,4.9,พันคน,สำนักงานสถิติแห่งชาติ
83,2555,เหนือ,หางานทำ,11.5,พันคน,สำนักงานสถิติแห่งชาติ
84,2555,เหนือ,ต้องการเปลี่ยนงาน,5.6,พันคน,สำนักงานสถิติแห่งชาติ
85,2555,เหนือ,ต้องการรายได้เพิ่มขึ้น,5.6,พันคน,สำนักงานสถิติแห่งชาติ
86,2555,เหนือ,หน้าที่การงาน,20.8,พันคน,สำนักงานสถิติแห่งชาติ
87,2555,เหนือ,ศึกษาต่อ,17.3,พันคน,สำนักงานสถิติแห่งชาติ
88,2555,เหนือ,ย้ายที่อยู่อาศัย,19,พันคน,สำนักงานสถิติแห่งชาติ
89,2555,เหนือ,กลับภูมิลำเนา,48.5,พันคน,สำนักงานสถิติแห่งชาติ
90,2555,เหนือ,ติดตามคนในครอบครัว,52.9,พันคน,สำนักงานสถิติแห่งชาติ
91,2555,เหนือ,ทำกิจการครอบครัว,1.5,พันคน,สำนักงานสถิติแห่งชาติ
92,2555,เหนือ,รักษาตัว,0.3,พันคน,สำนักงานสถิติแห่งชาติ
93,2555,เหนือ,ขาดคนดูแล,10.5,พันคน,สำนักงานสถิติแห่งชาติ
94,2555,เหนือ,เพื่อดูแลผู้อื่น,6.6,พันคน,สำนักงานสถิติแห่งชาติ
95,2555,เหนือ,อื่นๆ,0.5,พันคน,สำนักงานสถิติแห่งชาติ
96,2555,ตะวันออกเฉียงเหนือ,หางานทำ,18.3,พันคน,สำนักงานสถิติแห่งชาติ
97,2555,ตะวันออกเฉียงเหนือ,ต้องการเปลี่ยนงาน,6.5,พันคน,สำนักงานสถิติแห่งชาติ
98,2555,ตะวันออกเฉียงเหนือ,ต้องการรายได้เพิ่มขึ้น,14.9,พันคน,สำนักงานสถิติแห่งชาติ
99,2555,ตะวันออกเฉียงเหนือ,หน้าที่การงาน,46.8,พันคน,สำนักงานสถิติแห่งชาติ
100,2555,ตะวันออกเฉียงเหนือ,ศึกษาต่อ,38.6,พันคน,สำนักงานสถิติแห่งชาติ
101,2555,ตะวันออกเฉียงเหนือ,ย้ายที่อยู่อาศัย,24.5,พันคน,สำนักงานสถิติแห่งชาติ
102,2555,ตะวันออกเฉียงเหนือ,กลับภูมิลำเนา,281.3,พันคน,สำนักงานสถิติแห่งชาติ
103,2555,ตะวันออกเฉียงเหนือ,ติดตามคนในครอบครัว,175.6,พันคน,สำนักงานสถิติแห่งชาติ
104,2555,ตะวันออกเฉียงเหนือ,ทำกิจการครอบครัว,12.9,พันคน,สำนักงานสถิติแห่งชาติ
105,2555,ตะวันออกเฉียงเหนือ,รักษาตัว,14.5,พันคน,สำนักงานสถิติแห่งชาติ
106,2555,ตะวันออกเฉียงเหนือ,ขาดคนดูแล,15.4,พันคน,สำนักงานสถิติแห่งชาติ
107,2555,ตะวันออกเฉียงเหนือ,เพื่อดูแลผู้อื่น,26.8,พันคน,สำนักงานสถิติแห่งชาติ
108,2555,ตะวันออกเฉียงเหนือ,อื่นๆ,0.5,พันคน,สำนักงานสถิติแห่งชาติ
109,2555,ใต้,หางานทำ,21.9,พันคน,สำนักงานสถิติแห่งชาติ
110,2555,ใต้,ต้องการเปลี่ยนงาน,6.6,พันคน,สำนักงานสถิติแห่งชาติ
111,2555,ใต้,ต้องการรายได้เพิ่มขึ้น,5.4,พันคน,สำนักงานสถิติแห่งชาติ
112,2555,ใต้,หน้าที่การงาน,14.6,พันคน,สำนักงานสถิติแห่งชาติ
113,2555,ใต้,ศึกษาต่อ,5.9,พันคน,สำนักงานสถิติแห่งชาติ
114,2555,ใต้,ย้ายที่อยู่อาศัย,25.8,พันคน,สำนักงานสถิติแห่งชาติ
115,2555,ใต้,กลับภูมิลำเนา,11.1,พันคน,สำนักงานสถิติแห่งชาติ
116,2555,ใต้,ติดตามคนในครอบครัว,54.3,พันคน,สำนักงานสถิติแห่งชาติ
117,2555,ใต้,ทำกิจการครอบครัว,1.5,พันคน,สำนักงานสถิติแห่งชาติ
118,2555,ใต้,รักษาตัว,1.3,พันคน,สำนักงานสถิติแห่งชาติ
119,2555,ใต้,ขาดคนดูแล,2.5,พันคน,สำนักงานสถิติแห่งชาติ
120,2555,ใต้,เพื่อดูแลผู้อื่น,6.2,พันคน,สำนักงานสถิติแห่งชาติ
121,2556,กรุงเทพมหานคร,หางานทำ,16.5,พันคน,สำนักงานสถิติแห่งชาติ
122,2556,กรุงเทพมหานคร,ต้องการเปลี่ยนงาน,0.6,พันคน,สำนักงานสถิติแห่งชาติ
123,2556,กรุงเทพมหานคร,ต้องการรายได้เพิ่มขึ้น,5.9,พันคน,สำนักงานสถิติแห่งชาติ
124,2556,กรุงเทพมหานคร,หน้าที่การงาน,6.1,พันคน,สำนักงานสถิติแห่งชาติ
125,2556,กรุงเทพมหานคร,ศึกษาต่อ,4,พันคน,สำนักงานสถิติแห่งชาติ
126,2556,กรุงเทพมหานคร,ย้ายที่อยู่อาศัย,0.3,พันคน,สำนักงานสถิติแห่งชาติ
127,2556,กรุงเทพมหานคร,กลับภูมิลำเนา,0.3,พันคน,สำนักงานสถิติแห่งชาติ
128,2556,กรุงเทพมหานคร,ติดตามคนในครอบครัว,5.4,พันคน,สำนักงานสถิติแห่งชาติ
129,2556,กรุงเทพมหานคร,ขาดคนดูแล,1.1,พันคน,สำนักงานสถิติแห่งชาติ
130,2556,กรุงเทพมหานคร,เพื่อดูแลผู้อื่น,1.8,พันคน,สำนักงานสถิติแห่งชาติ
131,2556,กลาง,หางานทำ,85.3,พันคน,สำนักงานสถิติแห่งชาติ
132,2556,กลาง,ต้องการเปลี่ยนงาน,17.5,พันคน,สำนักงานสถิติแห่งชาติ
133,2556,กลาง,ต้องการรายได้เพิ่มขึ้น,3.3,พันคน,สำนักงานสถิติแห่งชาติ
134,2556,กลาง,หน้าที่การงาน,35.6,พันคน,สำนักงานสถิติแห่งชาติ
135,2556,กลาง,ศึกษาต่อ,9.5,พันคน,สำนักงานสถิติแห่งชาติ
136,2556,กลาง,ย้ายที่อยู่อาศัย,50.3,พันคน,สำนักงานสถิติแห่งชาติ
137,2556,กลาง,กลับภูมิลำเนา,22.3,พันคน,สำนักงานสถิติแห่งชาติ
138,2556,กลาง,ติดตามคนในครอบครัว,78.1,พันคน,สำนักงานสถิติแห่งชาติ
139,2556,กลาง,ทำกิจการครอบครัว,1.5,พันคน,สำนักงานสถิติแห่งชาติ
140,2556,กลาง,รักษาตัว,1.3,พันคน,สำนักงานสถิติแห่งชาติ
141,2556,กลาง,ขาดคนดูแล,6,พันคน,สำนักงานสถิติแห่งชาติ
142,2556,กลาง,เพื่อดูแลผู้อื่น,6,พันคน,สำนักงานสถิติแห่งชาติ
143,2556,กลาง,อื่นๆ,6.1,พันคน,สำนักงานสถิติแห่งชาติ
144,2556,เหนือ,หางานทำ,11.9,พันคน,สำนักงานสถิติแห่งชาติ
145,2556,เหนือ,ต้องการเปลี่ยนงาน,7,พันคน,สำนักงานสถิติแห่งชาติ
146,2556,เหนือ,ต้องการรายได้เพิ่มขึ้น,0.8,พันคน,สำนักงานสถิติแห่งชาติ
147,2556,เหนือ,หน้าที่การงาน,11.5,พันคน,สำนักงานสถิติแห่งชาติ
148,2556,เหนือ,ศึกษาต่อ,19.5,พันคน,สำนักงานสถิติแห่งชาติ
149,2556,เหนือ,ย้ายที่อยู่อาศัย,23.8,พันคน,สำนักงานสถิติแห่งชาติ
150,2556,เหนือ,กลับภูมิลำเนา,59.6,พันคน,สำนักงานสถิติแห่งชาติ
151,2556,เหนือ,ติดตามคนในครอบครัว,54.1,พันคน,สำนักงานสถิติแห่งชาติ
152,2556,เหนือ,ทำกิจการครอบครัว,2.4,พันคน,สำนักงานสถิติแห่งชาติ
153,2556,เหนือ,รักษาตัว,2.5,พันคน,สำนักงานสถิติแห่งชาติ
154,2556,เหนือ,ขาดคนดูแล,7.9,พันคน,สำนักงานสถิติแห่งชาติ
155,2556,เหนือ,เพื่อดูแลผู้อื่น,9.9,พันคน,สำนักงานสถิติแห่งชาติ
156,2556,เหนือ,อื่นๆ,3.7,พันคน,สำนักงานสถิติแห่งชาติ
157,2556,ตะวันออกเฉียงเหนือ,หางานทำ,22.1,พันคน,สำนักงานสถิติแห่งชาติ
158,2556,ตะวันออกเฉียงเหนือ,ต้องการเปลี่ยนงาน,4.6,พันคน,สำนักงานสถิติแห่งชาติ
159,2556,ตะวันออกเฉียงเหนือ,ต้องการรายได้เพิ่มขึ้น,4.2,พันคน,สำนักงานสถิติแห่งชาติ
160,2556,ตะวันออกเฉียงเหนือ,หน้าที่การงาน,19.2,พันคน,สำนักงานสถิติแห่งชาติ
161,2556,ตะวันออกเฉียงเหนือ,ศึกษาต่อ,29.3,พันคน,สำนักงานสถิติแห่งชาติ
162,2556,ตะวันออกเฉียงเหนือ,ย้ายที่อยู่อาศัย,37,พันคน,สำนักงานสถิติแห่งชาติ
163,2556,ตะวันออกเฉียงเหนือ,กลับภูมิลำเนา,205.9,พันคน,สำนักงานสถิติแห่งชาติ
164,2556,ตะวันออกเฉียงเหนือ,ติดตามคนในครอบครัว,71.7,พันคน,สำนักงานสถิติแห่งชาติ
165,2556,ตะวันออกเฉียงเหนือ,ทำกิจการครอบครัว,11.8,พันคน,สำนักงานสถิติแห่งชาติ
166,2556,ตะวันออกเฉียงเหนือ,รักษาตัว,3.5,พันคน,สำนักงานสถิติแห่งชาติ
167,2556,ตะวันออกเฉียงเหนือ,ขาดคนดูแล,7.3,พันคน,สำนักงานสถิติแห่งชาติ
168,2556,ตะวันออกเฉียงเหนือ,เพื่อดูแลผู้อื่น,19.4,พันคน,สำนักงานสถิติแห่งชาติ
169,2556,ตะวันออกเฉียงเหนือ,อื่นๆ,5.9,พันคน,สำนักงานสถิติแห่งชาติ
170,2556,ใต้,หางานทำ,27.9,พันคน,สำนักงานสถิติแห่งชาติ
171,2556,ใต้,ต้องการเปลี่ยนงาน,6.6,พันคน,สำนักงานสถิติแห่งชาติ
172,2556,ใต้,ต้องการรายได้เพิ่มขึ้น,4.9,พันคน,สำนักงานสถิติแห่งชาติ
173,2556,ใต้,หน้าที่การงาน,16.4,พันคน,สำนักงานสถิติแห่งชาติ
174,2556,ใต้,ศึกษาต่อ,4.2,พันคน,สำนักงานสถิติแห่งชาติ
175,2556,ใต้,ย้ายที่อยู่อาศัย,11.3,พันคน,สำนักงานสถิติแห่งชาติ
176,2556,ใต้,กลับภูมิลำเนา,28.2,พันคน,สำนักงานสถิติแห่งชาติ
177,2556,ใต้,ติดตามคนในครอบครัว,44,พันคน,สำนักงานสถิติแห่งชาติ
178,2556,ใต้,ทำกิจการครอบครัว,1.5,พันคน,สำนักงานสถิติแห่งชาติ
179,2556,ใต้,รักษาตัว,0.5,พันคน,สำนักงานสถิติแห่งชาติ
180,2556,ใต้,ขาดคนดูแล,3.1,พันคน,สำนักงานสถิติแห่งชาติ
181,2556,ใต้,เพื่อดูแลผู้อื่น,5.2,พันคน,สำนักงานสถิติแห่งชาติ
182,2556,ใต้,อื่นๆ,6,พันคน,สำนักงานสถิติแห่งชาติ
183,2557,กรุงเทพมหานคร,หางานทำ,28,พันคน,สำนักงานสถิติแห่งชาติ
184,2557,กรุงเทพมหานคร,ต้องการรายได้เพิ่มขึ้น,2.5,พันคน,สำนักงานสถิติแห่งชาติ
185,2557,กรุงเทพมหานคร,หน้าที่การงาน,11.4,พันคน,สำนักงานสถิติแห่งชาติ
186,2557,กรุงเทพมหานคร,ศึกษาต่อ,13.9,พันคน,สำนักงานสถิติแห่งชาติ
187,2557,กรุงเทพมหานคร,ย้ายที่อยู่อาศัย,2.2,พันคน,สำนักงานสถิติแห่งชาติ
188,2557,กรุงเทพมหานคร,ติดตามคนในครอบครัว,1.8,พันคน,สำนักงานสถิติแห่งชาติ
189,2557,กรุงเทพมหานคร,เพื่อดูแลผู้อื่น,0.7,พันคน,สำนักงานสถิติแห่งชาติ
190,2557,กรุงเทพมหานคร,อื่นๆ,15.2,พันคน,สำนักงานสถิติแห่งชาติ
191,2557,กลาง,หางานทำ,73,พันคน,สำนักงานสถิติแห่งชาติ
192,2557,กลาง,ต้องการเปลี่ยนงาน,18.2,พันคน,สำนักงานสถิติแห่งชาติ
193,2557,กลาง,ต้องการรายได้เพิ่มขึ้น,7.5,พันคน,สำนักงานสถิติแห่งชาติ
194,2557,กลาง,หน้าที่การงาน,47.1,พันคน,สำนักงานสถิติแห่งชาติ
195,2557,กลาง,ศึกษาต่อ,8.1,พันคน,สำนักงานสถิติแห่งชาติ
196,2557,กลาง,ย้ายที่อยู่อาศัย,44.2,พันคน,สำนักงานสถิติแห่งชาติ
197,2557,กลาง,กลับภูมิลำเนา,5.5,พันคน,สำนักงานสถิติแห่งชาติ
198,2557,กลาง,ติดตามคนในครอบครัว,53.2,พันคน,สำนักงานสถิติแห่งชาติ
199,2557,กลาง,ทำกิจการครอบครัว,3,พันคน,สำนักงานสถิติแห่งชาติ
200,2557,กลาง,รักษาตัว,0.8,พันคน,สำนักงานสถิติแห่งชาติ
201,2557,กลาง,ขาดคนดูแล,3.6,พันคน,สำนักงานสถิติแห่งชาติ
202,2557,กลาง,เพื่อดูแลผู้อื่น,5.2,พันคน,สำนักงานสถิติแห่งชาติ
203,2557,กลาง,อื่นๆ,7,พันคน,สำนักงานสถิติแห่งชาติ
204,2557,เหนือ,หางานทำ,5.8,พันคน,สำนักงานสถิติแห่งชาติ
205,2557,เหนือ,ต้องการเปลี่ยนงาน,3.3,พันคน,สำนักงานสถิติแห่งชาติ
206,2557,เหนือ,ต้องการรายได้เพิ่มขึ้น,1.4,พันคน,สำนักงานสถิติแห่งชาติ
207,2557,เหนือ,หน้าที่การงาน,8.7,พันคน,สำนักงานสถิติแห่งชาติ
208,2557,เหนือ,ศึกษาต่อ,8,พันคน,สำนักงานสถิติแห่งชาติ
209,2557,เหนือ,ย้ายที่อยู่อาศัย,12.1,พันคน,สำนักงานสถิติแห่งชาติ
210,2557,เหนือ,กลับภูมิลำเนา,34,พันคน,สำนักงานสถิติแห่งชาติ
211,2557,เหนือ,ติดตามคนในครอบครัว,36,พันคน,สำนักงานสถิติแห่งชาติ
212,2557,เหนือ,ทำกิจการครอบครัว,1.6,พันคน,สำนักงานสถิติแห่งชาติ
213,2557,เหนือ,รักษาตัว,0.9,พันคน,สำนักงานสถิติแห่งชาติ
214,2557,เหนือ,ขาดคนดูแล,6.7,พันคน,สำนักงานสถิติแห่งชาติ
215,2557,เหนือ,เพื่อดูแลผู้อื่น,7.1,พันคน,สำนักงานสถิติแห่งชาติ
216,2557,เหนือ,อื่นๆ,4.3,พันคน,สำนักงานสถิติแห่งชาติ
217,2557,ตะวันออกเฉียงเหนือ,หางานทำ,7.1,พันคน,สำนักงานสถิติแห่งชาติ
218,2557,ตะวันออกเฉียงเหนือ,ต้องการเปลี่ยนงาน,11.4,พันคน,สำนักงานสถิติแห่งชาติ
219,2557,ตะวันออกเฉียงเหนือ,ต้องการรายได้เพิ่มขึ้น,5.8,พันคน,สำนักงานสถิติแห่งชาติ
220,2557,ตะวันออกเฉียงเหนือ,หน้าที่การงาน,24,พันคน,สำนักงานสถิติแห่งชาติ
221,2557,ตะวันออกเฉียงเหนือ,ศึกษาต่อ,19.6,พันคน,สำนักงานสถิติแห่งชาติ
222,2557,ตะวันออกเฉียงเหนือ,ย้ายที่อยู่อาศัย,33.6,พันคน,สำนักงานสถิติแห่งชาติ
223,2557,ตะวันออกเฉียงเหนือ,กลับภูมิลำเนา,94.6,พันคน,สำนักงานสถิติแห่งชาติ
224,2557,ตะวันออกเฉียงเหนือ,ติดตามคนในครอบครัว,62.6,พันคน,สำนักงานสถิติแห่งชาติ
225,2557,ตะวันออกเฉียงเหนือ,ทำกิจการครอบครัว,4.9,พันคน,สำนักงานสถิติแห่งชาติ
226,2557,ตะวันออกเฉียงเหนือ,รักษาตัว,5.2,พันคน,สำนักงานสถิติแห่งชาติ
227,2557,ตะวันออกเฉียงเหนือ,ขาดคนดูแล,10,พันคน,สำนักงานสถิติแห่งชาติ
228,2557,ตะวันออกเฉียงเหนือ,เพื่อดูแลผู้อื่น,10.5,พันคน,สำนักงานสถิติแห่งชาติ
229,2557,ตะวันออกเฉียงเหนือ,อื่นๆ,6.8,พันคน,สำนักงานสถิติแห่งชาติ
230,2557,ใต้,หางานทำ,16,พันคน,สำนักงานสถิติแห่งชาติ
231,2557,ใต้,ต้องการเปลี่ยนงาน,3.1,พันคน,สำนักงานสถิติแห่งชาติ
232,2557,ใต้,ต้องการรายได้เพิ่มขึ้น,1.4,พันคน,สำนักงานสถิติแห่งชาติ
233,2557,ใต้,หน้าที่การงาน,19.9,พันคน,สำนักงานสถิติแห่งชาติ
234,2557,ใต้,ศึกษาต่อ,9,พันคน,สำนักงานสถิติแห่งชาติ
235,2557,ใต้,ย้ายที่อยู่อาศัย,14.5,พันคน,สำนักงานสถิติแห่งชาติ
236,2557,ใต้,กลับภูมิลำเนา,11,พันคน,สำนักงานสถิติแห่งชาติ
237,2557,ใต้,ติดตามคนในครอบครัว,38,พันคน,สำนักงานสถิติแห่งชาติ
238,2557,ใต้,ทำกิจการครอบครัว,1.3,พันคน,สำนักงานสถิติแห่งชาติ
239,2557,ใต้,รักษาตัว,0.1,พันคน,สำนักงานสถิติแห่งชาติ
240,2557,ใต้,ขาดคนดูแล,2.8,พันคน,สำนักงานสถิติแห่งชาติ
241,2557,ใต้,เพื่อดูแลผู้อื่น,0.7,พันคน,สำนักงานสถิติแห่งชาติ
242,2557,ใต้,อื่นๆ,3,พันคน,สำนักงานสถิติแห่งชาติ
243,2558,กรุงเทพมหานคร,หางานทำ,15.7,พันคน,สำนักงานสถิติแห่งชาติ
244,2558,กรุงเทพมหานคร,ต้องการเปลี่ยนงาน,1.3,พันคน,สำนักงานสถิติแห่งชาติ
245,2558,กรุงเทพมหานคร,หน้าที่การงาน,14,พันคน,สำนักงานสถิติแห่งชาติ
246,2558,กรุงเทพมหานคร,ศึกษาต่อ,17.1,พันคน,สำนักงานสถิติแห่งชาติ
247,2558,กรุงเทพมหานคร,ติดตามคนในครอบครัว,6.8,พันคน,สำนักงานสถิติแห่งชาติ
248,2558,กรุงเทพมหานคร,รักษาตัว,0.6,พันคน,สำนักงานสถิติแห่งชาติ
249,2558,กรุงเทพมหานคร,ขาดคนดูแล,4.1,พันคน,สำนักงานสถิติแห่งชาติ
250,2558,กรุงเทพมหานคร,เพื่อดูแลผู้อื่น,1.2,พันคน,สำนักงานสถิติแห่งชาติ
251,2558,กรุงเทพมหานคร,อื่นๆ,2.7,พันคน,สำนักงานสถิติแห่งชาติ
252,2558,กลาง,หางานทำ,93,พันคน,สำนักงานสถิติแห่งชาติ
253,2558,กลาง,ต้องการเปลี่ยนงาน,16.7,พันคน,สำนักงานสถิติแห่งชาติ
254,2558,กลาง,ต้องการรายได้เพิ่มขึ้น,5.9,พันคน,สำนักงานสถิติแห่งชาติ
255,2558,กลาง,หน้าที่การงาน,55.5,พันคน,สำนักงานสถิติแห่งชาติ
256,2558,กลาง,ศึกษาต่อ,15.9,พันคน,สำนักงานสถิติแห่งชาติ
257,2558,กลาง,ย้ายที่อยู่อาศัย,60.2,พันคน,สำนักงานสถิติแห่งชาติ
258,2558,กลาง,กลับภูมิลำเนา,12.8,พันคน,สำนักงานสถิติแห่งชาติ
259,2558,กลาง,ติดตามคนในครอบครัว,60,พันคน,สำนักงานสถิติแห่งชาติ
260,2558,กลาง,ทำกิจการครอบครัว,3.5,พันคน,สำนักงานสถิติแห่งชาติ
261,2558,กลาง,รักษาตัว,3.2,พันคน,สำนักงานสถิติแห่งชาติ
262,2558,กลาง,ขาดคนดูแล,4.5,พันคน,สำนักงานสถิติแห่งชาติ
263,2558,กลาง,เพื่อดูแลผู้อื่น,2.5,พันคน,สำนักงานสถิติแห่งชาติ
264,2558,กลาง,อื่นๆ,5.3,พันคน,สำนักงานสถิติแห่งชาติ
265,2558,เหนือ,หางานทำ,8.8,พันคน,สำนักงานสถิติแห่งชาติ
266,2558,เหนือ,ต้องการเปลี่ยนงาน,2.9,พันคน,สำนักงานสถิติแห่งชาติ
267,2558,เหนือ,ต้องการรายได้เพิ่มขึ้น,1.9,พันคน,สำนักงานสถิติแห่งชาติ
268,2558,เหนือ,หน้าที่การงาน,19.9,พันคน,สำนักงานสถิติแห่งชาติ
269,2558,เหนือ,ศึกษาต่อ,11.7,พันคน,สำนักงานสถิติแห่งชาติ
270,2558,เหนือ,ย้ายที่อยู่อาศัย,13,พันคน,สำนักงานสถิติแห่งชาติ
271,2558,เหนือ,กลับภูมิลำเนา,36.9,พันคน,สำนักงานสถิติแห่งชาติ
272,2558,เหนือ,ติดตามคนในครอบครัว,44.1,พันคน,สำนักงานสถิติแห่งชาติ
273,2558,เหนือ,ทำกิจการครอบครัว,0.4,พันคน,สำนักงานสถิติแห่งชาติ
274,2558,เหนือ,รักษาตัว,1.7,พันคน,สำนักงานสถิติแห่งชาติ
275,2558,เหนือ,ขาดคนดูแล,6.6,พันคน,สำนักงานสถิติแห่งชาติ
276,2558,เหนือ,เพื่อดูแลผู้อื่น,5.7,พันคน,สำนักงานสถิติแห่งชาติ
277,2558,เหนือ,อื่นๆ,7.4,พันคน,สำนักงานสถิติแห่งชาติ
278,2558,ตะวันออกเฉียงเหนือ,หางานทำ,8.7,พันคน,สำนักงานสถิติแห่งชาติ
279,2558,ตะวันออกเฉียงเหนือ,ต้องการเปลี่ยนงาน,10.7,พันคน,สำนักงานสถิติแห่งชาติ
280,2558,ตะวันออกเฉียงเหนือ,ต้องการรายได้เพิ่มขึ้น,5.9,พันคน,สำนักงานสถิติแห่งชาติ
281,2558,ตะวันออกเฉียงเหนือ,หน้าที่การงาน,16.3,พันคน,สำนักงานสถิติแห่งชาติ
282,2558,ตะวันออกเฉียงเหนือ,ศึกษาต่อ,24.7,พันคน,สำนักงานสถิติแห่งชาติ
283,2558,ตะวันออกเฉียงเหนือ,ย้ายที่อยู่อาศัย,9.7,พันคน,สำนักงานสถิติแห่งชาติ
284,2558,ตะวันออกเฉียงเหนือ,กลับภูมิลำเนา,75.1,พันคน,สำนักงานสถิติแห่งชาติ
285,2558,ตะวันออกเฉียงเหนือ,ติดตามคนในครอบครัว,41.8,พันคน,สำนักงานสถิติแห่งชาติ
286,2558,ตะวันออกเฉียงเหนือ,ทำกิจการครอบครัว,5.2,พันคน,สำนักงานสถิติแห่งชาติ
287,2558,ตะวันออกเฉียงเหนือ,รักษาตัว,2.2,พันคน,สำนักงานสถิติแห่งชาติ
288,2558,ตะวันออกเฉียงเหนือ,ขาดคนดูแล,7.3,พันคน,สำนักงานสถิติแห่งชาติ
289,2558,ตะวันออกเฉียงเหนือ,เพื่อดูแลผู้อื่น,5.6,พันคน,สำนักงานสถิติแห่งชาติ
290,2558,ตะวันออกเฉียงเหนือ,อื่นๆ,7.8,พันคน,สำนักงานสถิติแห่งชาติ
291,2558,ใต้,หางานทำ,21.1,พันคน,สำนักงานสถิติแห่งชาติ
292,2558,ใต้,ต้องการเปลี่ยนงาน,4.3,พันคน,สำนักงานสถิติแห่งชาติ
293,2558,ใต้,ต้องการรายได้เพิ่มขึ้น,4.9,พันคน,สำนักงานสถิติแห่งชาติ
294,2558,ใต้,หน้าที่การงาน,22.6,พันคน,สำนักงานสถิติแห่งชาติ
295,2558,ใต้,ศึกษาต่อ,4.6,พันคน,สำนักงานสถิติแห่งชาติ
296,2558,ใต้,ย้ายที่อยู่อาศัย,16.5,พันคน,สำนักงานสถิติแห่งชาติ
297,2558,ใต้,กลับภูมิลำเนา,14.8,พันคน,สำนักงานสถิติแห่งชาติ
298,2558,ใต้,ติดตามคนในครอบครัว,50.5,พันคน,สำนักงานสถิติแห่งชาติ
299,2558,ใต้,ทำกิจการครอบครัว,0.3,พันคน,สำนักงานสถิติแห่งชาติ
300,2558,ใต้,รักษาตัว,0.4,พันคน,สำนักงานสถิติแห่งชาติ
301,2558,ใต้,ขาดคนดูแล,3.8,พันคน,สำนักงานสถิติแห่งชาติ
302,2558,ใต้,เพื่อดูแลผู้อื่น,2.2,พันคน,สำนักงานสถิติแห่งชาติ
303,2558,ใต้,อื่นๆ,3.9,พันคน,สำนักงานสถิติแห่งชาติ
304,2559,กรุงเทพมหานคร,หางานทำ,2.2,พันคน,สำนักงานสถิติแห่งชาติ
305,2559,กรุงเทพมหานคร,ต้องการเปลี่ยนงาน,1.7,พันคน,สำนักงานสถิติแห่งชาติ
306,2559,กรุงเทพมหานคร,หน้าที่การงาน,12,พันคน,สำนักงานสถิติแห่งชาติ
307,2559,กรุงเทพมหานคร,ศึกษาต่อ,2.2,พันคน,สำนักงานสถิติแห่งชาติ
308,2559,กรุงเทพมหานคร,กลับภูมิลำเนา,0.5,พันคน,สำนักงานสถิติแห่งชาติ
309,2559,กรุงเทพมหานคร,ติดตามคนในครอบครัว,4.5,พันคน,สำนักงานสถิติแห่งชาติ
310,2559,กรุงเทพมหานคร,ทำกิจการครอบครัว,1.3,พันคน,สำนักงานสถิติแห่งชาติ
311,2559,กลาง,หางานทำ,68.8,พันคน,สำนักงานสถิติแห่งชาติ
312,2559,กลาง,ต้องการเปลี่ยนงาน,22.4,พันคน,สำนักงานสถิติแห่งชาติ
313,2559,กลาง,ต้องการรายได้เพิ่มขึ้น,7.3,พันคน,สำนักงานสถิติแห่งชาติ
314,2559,กลาง,หน้าที่การงาน,46.3,พันคน,สำนักงานสถิติแห่งชาติ
315,2559,กลาง,ศึกษาต่อ,15,พันคน,สำนักงานสถิติแห่งชาติ
316,2559,กลาง,ย้ายที่อยู่อาศัย,67.9,พันคน,สำนักงานสถิติแห่งชาติ
317,2559,กลาง,กลับภูมิลำเนา,8.5,พันคน,สำนักงานสถิติแห่งชาติ
318,2559,กลาง,ติดตามคนในครอบครัว,39.3,พันคน,สำนักงานสถิติแห่งชาติ
319,2559,กลาง,ทำกิจการครอบครัว,0.7,พันคน,สำนักงานสถิติแห่งชาติ
320,2559,กลาง,รักษาตัว,0.6,พันคน,สำนักงานสถิติแห่งชาติ
321,2559,กลาง,ขาดคนดูแล,7.4,พันคน,สำนักงานสถิติแห่งชาติ
322,2559,กลาง,เพื่อดูแลผู้อื่น,2.4,พันคน,สำนักงานสถิติแห่งชาติ
323,2559,กลาง,อื่นๆ,7.6,พันคน,สำนักงานสถิติแห่งชาติ
324,2559,เหนือ,หางานทำ,15.7,พันคน,สำนักงานสถิติแห่งชาติ
325,2559,เหนือ,ต้องการเปลี่ยนงาน,3.5,พันคน,สำนักงานสถิติแห่งชาติ
326,2559,เหนือ,ต้องการรายได้เพิ่มขึ้น,4,พันคน,สำนักงานสถิติแห่งชาติ
327,2559,เหนือ,หน้าที่การงาน,8.5,พันคน,สำนักงานสถิติแห่งชาติ
328,2559,เหนือ,ศึกษาต่อ,9.1,พันคน,สำนักงานสถิติแห่งชาติ
329,2559,เหนือ,ย้ายที่อยู่อาศัย,23.7,พันคน,สำนักงานสถิติแห่งชาติ
330,2559,เหนือ,กลับภูมิลำเนา,28.4,พันคน,สำนักงานสถิติแห่งชาติ
331,2559,เหนือ,ติดตามคนในครอบครัว,30.4,พันคน,สำนักงานสถิติแห่งชาติ
332,2559,เหนือ,ทำกิจการครอบครัว,0.4,พันคน,สำนักงานสถิติแห่งชาติ
333,2559,เหนือ,รักษาตัว,0.5,พันคน,สำนักงานสถิติแห่งชาติ
334,2559,เหนือ,ขาดคนดูแล,4.3,พันคน,สำนักงานสถิติแห่งชาติ
335,2559,เหนือ,เพื่อดูแลผู้อื่น,4.8,พันคน,สำนักงานสถิติแห่งชาติ
336,2559,เหนือ,อื่นๆ,2.9,พันคน,สำนักงานสถิติแห่งชาติ
337,2559,ตะวันออกเฉียงเหนือ,หางานทำ,5.5,พันคน,สำนักงานสถิติแห่งชาติ
338,2559,ตะวันออกเฉียงเหนือ,ต้องการเปลี่ยนงาน,3.5,พันคน,สำนักงานสถิติแห่งชาติ
339,2559,ตะวันออกเฉียงเหนือ,ต้องการรายได้เพิ่มขึ้น,2.2,พันคน,สำนักงานสถิติแห่งชาติ
340,2559,ตะวันออกเฉียงเหนือ,หน้าที่การงาน,18.3,พันคน,สำนักงานสถิติแห่งชาติ
341,2559,ตะวันออกเฉียงเหนือ,ศึกษาต่อ,14.9,พันคน,สำนักงานสถิติแห่งชาติ
342,2559,ตะวันออกเฉียงเหนือ,ย้ายที่อยู่อาศัย,18.4,พันคน,สำนักงานสถิติแห่งชาติ
343,2559,ตะวันออกเฉียงเหนือ,กลับภูมิลำเนา,62.7,พันคน,สำนักงานสถิติแห่งชาติ
344,2559,ตะวันออกเฉียงเหนือ,ติดตามคนในครอบครัว,29.9,พันคน,สำนักงานสถิติแห่งชาติ
345,2559,ตะวันออกเฉียงเหนือ,ทำกิจการครอบครัว,3.9,พันคน,สำนักงานสถิติแห่งชาติ
346,2559,ตะวันออกเฉียงเหนือ,รักษาตัว,4.6,พันคน,สำนักงานสถิติแห่งชาติ
347,2559,ตะวันออกเฉียงเหนือ,ขาดคนดูแล,7.2,พันคน,สำนักงานสถิติแห่งชาติ
348,2559,ตะวันออกเฉียงเหนือ,เพื่อดูแลผู้อื่น,7.5,พันคน,สำนักงานสถิติแห่งชาติ
349,2559,ตะวันออกเฉียงเหนือ,อื่นๆ,3.7,พันคน,สำนักงานสถิติแห่งชาติ
350,2559,ใต้,หางานทำ,18.8,พันคน,สำนักงานสถิติแห่งชาติ
351,2559,ใต้,ต้องการเปลี่ยนงาน,9.7,พันคน,สำนักงานสถิติแห่งชาติ
352,2559,ใต้,ต้องการรายได้เพิ่มขึ้น,0.8,พันคน,สำนักงานสถิติแห่งชาติ
353,2559,ใต้,หน้าที่การงาน,18,พันคน,สำนักงานสถิติแห่งชาติ
354,2559,ใต้,ศึกษาต่อ,7.9,พันคน,สำนักงานสถิติแห่งชาติ
355,2559,ใต้,ย้ายที่อยู่อาศัย,25,พันคน,สำนักงานสถิติแห่งชาติ
356,2559,ใต้,กลับภูมิลำเนา,8.9,พันคน,สำนักงานสถิติแห่งชาติ
357,2559,ใต้,ติดตามคนในครอบครัว,36.8,พันคน,สำนักงานสถิติแห่งชาติ
358,2559,ใต้,ทำกิจการครอบครัว,0.5,พันคน,สำนักงานสถิติแห่งชาติ
359,2559,ใต้,รักษาตัว,0.3,พันคน,สำนักงานสถิติแห่งชาติ
360,2559,ใต้,ขาดคนดูแล,3.4,พันคน,สำนักงานสถิติแห่งชาติ
361,2559,ใต้,เพื่อดูแลผู้อื่น,2.3,พันคน,สำนักงานสถิติแห่งชาติ
362,2559,ใต้,อื่นๆ,3.5,พันคน,สำนักงานสถิติแห่งชาติ
363,2560,กรุงเทพมหานคร,หางานทำ,2.9,พันคน,สำนักงานสถิติแห่งชาติ
364,2560,กรุงเทพมหานคร,ต้องการเปลี่ยนงาน,4,พันคน,สำนักงานสถิติแห่งชาติ
365,2560,กรุงเทพมหานคร,ต้องการรายได้เพิ่มขึ้น,3.1,พันคน,สำนักงานสถิติแห่งชาติ
366,2560,กรุงเทพมหานคร,หน้าที่การงาน,11.9,พันคน,สำนักงานสถิติแห่งชาติ
367,2560,กรุงเทพมหานคร,ศึกษาต่อ,3.8,พันคน,สำนักงานสถิติแห่งชาติ
368,2560,กรุงเทพมหานคร,ย้ายที่อยู่อาศัย,0.7,พันคน,สำนักงานสถิติแห่งชาติ
369,2560,กรุงเทพมหานคร,ติดตามคนในครอบครัว,5.9,พันคน,สำนักงานสถิติแห่งชาติ
370,2560,กรุงเทพมหานคร,อื่นๆ,0.3,พันคน,สำนักงานสถิติแห่งชาติ
371,2560,กลาง,หางานทำ,38.8,พันคน,สำนักงานสถิติแห่งชาติ
372,2560,กลาง,ต้องการเปลี่ยนงาน,14.8,พันคน,สำนักงานสถิติแห่งชาติ
373,2560,กลาง,ต้องการรายได้เพิ่มขึ้น,6.4,พันคน,สำนักงานสถิติแห่งชาติ
374,2560,กลาง,หน้าที่การงาน,36.1,พันคน,สำนักงานสถิติแห่งชาติ
375,2560,กลาง,ศึกษาต่อ,9.2,พันคน,สำนักงานสถิติแห่งชาติ
376,2560,กลาง,ย้ายที่อยู่อาศัย,53.4,พันคน,สำนักงานสถิติแห่งชาติ
377,2560,กลาง,กลับภูมิลำเนา,5.8,พันคน,สำนักงานสถิติแห่งชาติ
378,2560,กลาง,ติดตามคนในครอบครัว,41.1,พันคน,สำนักงานสถิติแห่งชาติ
379,2560,กลาง,ทำกิจการครอบครัว,5.1,พันคน,สำนักงานสถิติแห่งชาติ
380,2560,กลาง,รักษาตัว,1.5,พันคน,สำนักงานสถิติแห่งชาติ
381,2560,กลาง,ขาดคนดูแล,4.6,พันคน,สำนักงานสถิติแห่งชาติ
382,2560,กลาง,เพื่อดูแลผู้อื่น,2.4,พันคน,สำนักงานสถิติแห่งชาติ
383,2560,กลาง,อื่นๆ,1.7,พันคน,สำนักงานสถิติแห่งชาติ
384,2560,เหนือ,หางานทำ,17,พันคน,สำนักงานสถิติแห่งชาติ
385,2560,เหนือ,ต้องการเปลี่ยนงาน,3.9,พันคน,สำนักงานสถิติแห่งชาติ
386,2560,เหนือ,ต้องการรายได้เพิ่มขึ้น,1.9,พันคน,สำนักงานสถิติแห่งชาติ
387,2560,เหนือ,หน้าที่การงาน,13.8,พันคน,สำนักงานสถิติแห่งชาติ
388,2560,เหนือ,ศึกษาต่อ,5,พันคน,สำนักงานสถิติแห่งชาติ
389,2560,เหนือ,ย้ายที่อยู่อาศัย,9.7,พันคน,สำนักงานสถิติแห่งชาติ
390,2560,เหนือ,กลับภูมิลำเนา,28,พันคน,สำนักงานสถิติแห่งชาติ
391,2560,เหนือ,ติดตามคนในครอบครัว,28.3,พันคน,สำนักงานสถิติแห่งชาติ
392,2560,เหนือ,ทำกิจการครอบครัว,0.3,พันคน,สำนักงานสถิติแห่งชาติ
393,2560,เหนือ,รักษาตัว,1.2,พันคน,สำนักงานสถิติแห่งชาติ
394,2560,เหนือ,ขาดคนดูแล,5.1,พันคน,สำนักงานสถิติแห่งชาติ
395,2560,เหนือ,เพื่อดูแลผู้อื่น,5,พันคน,สำนักงานสถิติแห่งชาติ
396,2560,เหนือ,อื่นๆ,1.9,พันคน,สำนักงานสถิติแห่งชาติ
397,2560,ตะวันออกเฉียงเหนือ,หางานทำ,7.1,พันคน,สำนักงานสถิติแห่งชาติ
398,2560,ตะวันออกเฉียงเหนือ,ต้องการเปลี่ยนงาน,2.4,พันคน,สำนักงานสถิติแห่งชาติ
399,2560,ตะวันออกเฉียงเหนือ,ต้องการรายได้เพิ่มขึ้น,1,พันคน,สำนักงานสถิติแห่งชาติ
400,2560,ตะวันออกเฉียงเหนือ,หน้าที่การงาน,10.5,พันคน,สำนักงานสถิติแห่งชาติ
401,2560,ตะวันออกเฉียงเหนือ,ศึกษาต่อ,13.4,พันคน,สำนักงานสถิติแห่งชาติ
402,2560,ตะวันออกเฉียงเหนือ,ย้ายที่อยู่อาศัย,13.8,พันคน,สำนักงานสถิติแห่งชาติ
403,2560,ตะวันออกเฉียงเหนือ,กลับภูมิลำเนา,54.5,พันคน,สำนักงานสถิติแห่งชาติ
404,2560,ตะวันออกเฉียงเหนือ,ติดตามคนในครอบครัว,22.5,พันคน,สำนักงานสถิติแห่งชาติ
405,2560,ตะวันออกเฉียงเหนือ,ทำกิจการครอบครัว,5.2,พันคน,สำนักงานสถิติแห่งชาติ
406,2560,ตะวันออกเฉียงเหนือ,รักษาตัว,2.7,พันคน,สำนักงานสถิติแห่งชาติ
407,2560,ตะวันออกเฉียงเหนือ,ขาดคนดูแล,6.5,พันคน,สำนักงานสถิติแห่งชาติ
408,2560,ตะวันออกเฉียงเหนือ,เพื่อดูแลผู้อื่น,3.8,พันคน,สำนักงานสถิติแห่งชาติ
409,2560,ตะวันออกเฉียงเหนือ,อื่นๆ,3.2,พันคน,สำนักงานสถิติแห่งชาติ
410,2560,ใต้,หางานทำ,15.6,พันคน,สำนักงานสถิติแห่งชาติ
411,2560,ใต้,ต้องการเปลี่ยนงาน,6.7,พันคน,สำนักงานสถิติแห่งชาติ
412,2560,ใต้,ต้องการรายได้เพิ่มขึ้น,1,พันคน,สำนักงานสถิติแห่งชาติ
413,2560,ใต้,หน้าที่การงาน,10.9,พันคน,สำนักงานสถิติแห่งชาติ
414,2560,ใต้,ศึกษาต่อ,3.1,พันคน,สำนักงานสถิติแห่งชาติ
415,2560,ใต้,ย้ายที่อยู่อาศัย,18.7,พันคน,สำนักงานสถิติแห่งชาติ
416,2560,ใต้,กลับภูมิลำเนา,12.7,พันคน,สำนักงานสถิติแห่งชาติ
417,2560,ใต้,ติดตามคนในครอบครัว,29.7,พันคน,สำนักงานสถิติแห่งชาติ
418,2560,ใต้,ทำกิจการครอบครัว,0.8,พันคน,สำนักงานสถิติแห่งชาติ
419,2560,ใต้,รักษาตัว,1,พันคน,สำนักงานสถิติแห่งชาติ
420,2560,ใต้,ขาดคนดูแล,3,พันคน,สำนักงานสถิติแห่งชาติ
421,2560,ใต้,เพื่อดูแลผู้อื่น,3.4,พันคน,สำนักงานสถิติแห่งชาติ
422,2560,ใต้,อื่นๆ,4.5,พันคน,สำนักงานสถิติแห่งชาติ
423,2561,กรุงเทพมหานคร,หางานทำ,11,พันคน,สำนักงานสถิติแห่งชาติ
424,2561,กรุงเทพมหานคร,ต้องการเปลี่ยนงาน,1.6,พันคน,สำนักงานสถิติแห่งชาติ
425,2561,กรุงเทพมหานคร,หน้าที่การงาน,4.8,พันคน,สำนักงานสถิติแห่งชาติ
426,2561,กรุงเทพมหานคร,ศึกษาต่อ,4.4,พันคน,สำนักงานสถิติแห่งชาติ
427,2561,กรุงเทพมหานคร,ย้ายที่อยู่อาศัย,6,พันคน,สำนักงานสถิติแห่งชาติ
428,2561,กรุงเทพมหานคร,ติดตามคนในครอบครัว,7.7,พันคน,สำนักงานสถิติแห่งชาติ
429,2561,กรุงเทพมหานคร,ขาดคนดูแล,0.7,พันคน,สำนักงานสถิติแห่งชาติ
430,2561,กรุงเทพมหานคร,อื่นๆ,2.4,พันคน,สำนักงานสถิติแห่งชาติ
431,2561,กลาง,หางานทำ,37.9,พันคน,สำนักงานสถิติแห่งชาติ
432,2561,กลาง,ต้องการเปลี่ยนงาน,15.8,พันคน,สำนักงานสถิติแห่งชาติ
433,2561,กลาง,ต้องการรายได้เพิ่มขึ้น,0.9,พันคน,สำนักงานสถิติแห่งชาติ
434,2561,กลาง,หน้าที่การงาน,35.5,พันคน,สำนักงานสถิติแห่งชาติ
435,2561,กลาง,ศึกษาต่อ,3.9,พันคน,สำนักงานสถิติแห่งชาติ
436,2561,กลาง,ย้ายที่อยู่อาศัย,50.4,พันคน,สำนักงานสถิติแห่งชาติ
437,2561,กลาง,กลับภูมิลำเนา,9.1,พันคน,สำนักงานสถิติแห่งชาติ
438,2561,กลาง,ติดตามคนในครอบครัว,32.3,พันคน,สำนักงานสถิติแห่งชาติ
439,2561,กลาง,ทำกิจการครอบครัว,3.6,พันคน,สำนักงานสถิติแห่งชาติ
440,2561,กลาง,รักษาตัว,0.8,พันคน,สำนักงานสถิติแห่งชาติ
441,2561,กลาง,ขาดคนดูแล,4.4,พันคน,สำนักงานสถิติแห่งชาติ
442,2561,กลาง,เพื่อดูแลผู้อื่น,3.7,พันคน,สำนักงานสถิติแห่งชาติ
443,2561,กลาง,อื่นๆ,1,พันคน,สำนักงานสถิติแห่งชาติ
444,2561,เหนือ,หางานทำ,7.5,พันคน,สำนักงานสถิติแห่งชาติ
445,2561,เหนือ,ต้องการเปลี่ยนงาน,1.4,พันคน,สำนักงานสถิติแห่งชาติ
446,2561,เหนือ,ต้องการรายได้เพิ่มขึ้น,0.2,พันคน,สำนักงานสถิติแห่งชาติ
447,2561,เหนือ,หน้าที่การงาน,7.8,พันคน,สำนักงานสถิติแห่งชาติ
448,2561,เหนือ,ศึกษาต่อ,8.8,พันคน,สำนักงานสถิติแห่งชาติ
449,2561,เหนือ,ย้ายที่อยู่อาศัย,19.6,พันคน,สำนักงานสถิติแห่งชาติ
450,2561,เหนือ,กลับภูมิลำเนา,21.2,พันคน,สำนักงานสถิติแห่งชาติ
451,2561,เหนือ,ติดตามคนในครอบครัว,23.7,พันคน,สำนักงานสถิติแห่งชาติ
452,2561,เหนือ,ทำกิจการครอบครัว,0.9,พันคน,สำนักงานสถิติแห่งชาติ
453,2561,เหนือ,รักษาตัว,1.6,พันคน,สำนักงานสถิติแห่งชาติ
454,2561,เหนือ,ขาดคนดูแล,8.1,พันคน,สำนักงานสถิติแห่งชาติ
455,2561,เหนือ,เพื่อดูแลผู้อื่น,3.8,พันคน,สำนักงานสถิติแห่งชาติ
456,2561,เหนือ,อื่นๆ,2.7,พันคน,สำนักงานสถิติแห่งชาติ
457,2561,ตะวันออกเฉียงเหนือ,หางานทำ,4.5,พันคน,สำนักงานสถิติแห่งชาติ
458,2561,ตะวันออกเฉียงเหนือ,ต้องการเปลี่ยนงาน,3.6,พันคน,สำนักงานสถิติแห่งชาติ
459,2561,ตะวันออกเฉียงเหนือ,ต้องการรายได้เพิ่มขึ้น,1.3,พันคน,สำนักงานสถิติแห่งชาติ
460,2561,ตะวันออกเฉียงเหนือ,หน้าที่การงาน,10.5,พันคน,สำนักงานสถิติแห่งชาติ
461,2561,ตะวันออกเฉียงเหนือ,ศึกษาต่อ,13.5,พันคน,สำนักงานสถิติแห่งชาติ
462,2561,ตะวันออกเฉียงเหนือ,ย้ายที่อยู่อาศัย,10.8,พันคน,สำนักงานสถิติแห่งชาติ
463,2561,ตะวันออกเฉียงเหนือ,กลับภูมิลำเนา,45.7,พันคน,สำนักงานสถิติแห่งชาติ
464,2561,ตะวันออกเฉียงเหนือ,ติดตามคนในครอบครัว,25.4,พันคน,สำนักงานสถิติแห่งชาติ
465,2561,ตะวันออกเฉียงเหนือ,ทำกิจการครอบครัว,2.2,พันคน,สำนักงานสถิติแห่งชาติ
466,2561,ตะวันออกเฉียงเหนือ,รักษาตัว,1.6,พันคน,สำนักงานสถิติแห่งชาติ
467,2561,ตะวันออกเฉียงเหนือ,ขาดคนดูแล,7.2,พันคน,สำนักงานสถิติแห่งชาติ
468,2561,ตะวันออกเฉียงเหนือ,เพื่อดูแลผู้อื่น,4,พันคน,สำนักงานสถิติแห่งชาติ
469,2561,ตะวันออกเฉียงเหนือ,อื่นๆ,6.7,พันคน,สำนักงานสถิติแห่งชาติ
470,2561,ใต้,หางานทำ,12.5,พันคน,สำนักงานสถิติแห่งชาติ
471,2561,ใต้,ต้องการเปลี่ยนงาน,2.8,พันคน,สำนักงานสถิติแห่งชาติ
472,2561,ใต้,ต้องการรายได้เพิ่มขึ้น,2.6,พันคน,สำนักงานสถิติแห่งชาติ
473,2561,ใต้,หน้าที่การงาน,9.4,พันคน,สำนักงานสถิติแห่งชาติ
474,2561,ใต้,ศึกษาต่อ,1.9,พันคน,สำนักงานสถิติแห่งชาติ
475,2561,ใต้,ย้ายที่อยู่อาศัย,13,พันคน,สำนักงานสถิติแห่งชาติ
476,2561,ใต้,กลับภูมิลำเนา,7.7,พันคน,สำนักงานสถิติแห่งชาติ
477,2561,ใต้,ติดตามคนในครอบครัว,29.4,พันคน,สำนักงานสถิติแห่งชาติ
478,2561,ใต้,ทำกิจการครอบครัว,0.7,พันคน,สำนักงานสถิติแห่งชาติ
479,2561,ใต้,รักษาตัว,0.2,พันคน,สำนักงานสถิติแห่งชาติ
480,2561,ใต้,ขาดคนดูแล,2.5,พันคน,สำนักงานสถิติแห่งชาติ
481,2561,ใต้,เพื่อดูแลผู้อื่น,1.9,พันคน,สำนักงานสถิติแห่งชาติ
482,2561,ใต้,อื่นๆ,2.1,พันคน,สำนักงานสถิติแห่งชาติ
483,2562,กรุงเทพมหานคร,หางานทำ,8.7,พันคน,สำนักงานสถิติแห่งชาติ
484,2562,กรุงเทพมหานคร,ต้องการเปลี่ยนงาน,1.5,พันคน,สำนักงานสถิติแห่งชาติ
485,2562,กรุงเทพมหานคร,หน้าที่การงาน,4.2,พันคน,สำนักงานสถิติแห่งชาติ
486,2562,กรุงเทพมหานคร,ศึกษาต่อ,1.2,พันคน,สำนักงานสถิติแห่งชาติ
487,2562,กรุงเทพมหานคร,ย้ายที่อยู่อาศัย,0.5,พันคน,สำนักงานสถิติแห่งชาติ
488,2562,กรุงเทพมหานคร,กลับภูมิลำเนา,0.5,พันคน,สำนักงานสถิติแห่งชาติ
489,2562,กรุงเทพมหานคร,ติดตามคนในครอบครัว,1.4,พันคน,สำนักงานสถิติแห่งชาติ
490,2562,กรุงเทพมหานคร,รักษาตัว,1.2,พันคน,สำนักงานสถิติแห่งชาติ
491,2562,กรุงเทพมหานคร,เพื่อดูแลผู้อื่น,0.5,พันคน,สำนักงานสถิติแห่งชาติ
492,2562,กลาง,หางานทำ,63.5,พันคน,สำนักงานสถิติแห่งชาติ
493,2562,กลาง,ต้องการเปลี่ยนงาน,16.5,พันคน,สำนักงานสถิติแห่งชาติ
494,2562,กลาง,ต้องการรายได้เพิ่มขึ้น,16.2,พันคน,สำนักงานสถิติแห่งชาติ
495,2562,กลาง,หน้าที่การงาน,35.8,พันคน,สำนักงานสถิติแห่งชาติ
496,2562,กลาง,ศึกษาต่อ,8.2,พันคน,สำนักงานสถิติแห่งชาติ
497,2562,กลาง,ย้ายที่อยู่อาศัย,58,พันคน,สำนักงานสถิติแห่งชาติ
498,2562,กลาง,กลับภูมิลำเนา,6.8,พันคน,สำนักงานสถิติแห่งชาติ
499,2562,กลาง,ติดตามคนในครอบครัว,51.5,พันคน,สำนักงานสถิติแห่งชาติ
500,2562,กลาง,ทำกิจการครอบครัว,3.3,พันคน,สำนักงานสถิติแห่งชาติ
501,2562,กลาง,รักษาตัว,0.8,พันคน,สำนักงานสถิติแห่งชาติ
502,2562,กลาง,ขาดคนดูแล,3.4,พันคน,สำนักงานสถิติแห่งชาติ
503,2562,กลาง,เพื่อดูแลผู้อื่น,3.4,พันคน,สำนักงานสถิติแห่งชาติ
504,2562,กลาง,อื่นๆ,3.9,พันคน,สำนักงานสถิติแห่งชาติ
505,2562,เหนือ,หางานทำ,22.9,พันคน,สำนักงานสถิติแห่งชาติ
506,2562,เหนือ,ต้องการเปลี่ยนงาน,2.5,พันคน,สำนักงานสถิติแห่งชาติ
507,2562,เหนือ,ต้องการรายได้เพิ่มขึ้น,4,พันคน,สำนักงานสถิติแห่งชาติ
508,2562,เหนือ,หน้าที่การงาน,9.7,พันคน,สำนักงานสถิติแห่งชาติ
509,2562,เหนือ,ศึกษาต่อ,12.1,พันคน,สำนักงานสถิติแห่งชาติ
510,2562,เหนือ,ย้ายที่อยู่อาศัย,11,พันคน,สำนักงานสถิติแห่งชาติ
511,2562,เหนือ,กลับภูมิลำเนา,22.2,พันคน,สำนักงานสถิติแห่งชาติ
512,2562,เหนือ,ติดตามคนในครอบครัว,18.2,พันคน,สำนักงานสถิติแห่งชาติ
513,2562,เหนือ,ทำกิจการครอบครัว,1.1,พันคน,สำนักงานสถิติแห่งชาติ
514,2562,เหนือ,รักษาตัว,0.8,พันคน,สำนักงานสถิติแห่งชาติ
515,2562,เหนือ,ขาดคนดูแล,4.4,พันคน,สำนักงานสถิติแห่งชาติ
516,2562,เหนือ,เพื่อดูแลผู้อื่น,4.6,พันคน,สำนักงานสถิติแห่งชาติ
517,2562,เหนือ,อื่นๆ,2.1,พันคน,สำนักงานสถิติแห่งชาติ
518,2562,ตะวันออกเฉียงเหนือ,หางานทำ,2.7,พันคน,สำนักงานสถิติแห่งชาติ
519,2562,ตะวันออกเฉียงเหนือ,ต้องการเปลี่ยนงาน,2.9,พันคน,สำนักงานสถิติแห่งชาติ
520,2562,ตะวันออกเฉียงเหนือ,ต้องการรายได้เพิ่มขึ้น,2.9,พันคน,สำนักงานสถิติแห่งชาติ
521,2562,ตะวันออกเฉียงเหนือ,หน้าที่การงาน,4.9,พันคน,สำนักงานสถิติแห่งชาติ
522,2562,ตะวันออกเฉียงเหนือ,ศึกษาต่อ,4.4,พันคน,สำนักงานสถิติแห่งชาติ
523,2562,ตะวันออกเฉียงเหนือ,ย้ายที่อยู่อาศัย,11.6,พันคน,สำนักงานสถิติแห่งชาติ
524,2562,ตะวันออกเฉียงเหนือ,กลับภูมิลำเนา,62.1,พันคน,สำนักงานสถิติแห่งชาติ
525,2562,ตะวันออกเฉียงเหนือ,ติดตามคนในครอบครัว,30.4,พันคน,สำนักงานสถิติแห่งชาติ
526,2562,ตะวันออกเฉียงเหนือ,ทำกิจการครอบครัว,2.5,พันคน,สำนักงานสถิติแห่งชาติ
527,2562,ตะวันออกเฉียงเหนือ,รักษาตัว,1.9,พันคน,สำนักงานสถิติแห่งชาติ
528,2562,ตะวันออกเฉียงเหนือ,ขาดคนดูแล,8.1,พันคน,สำนักงานสถิติแห่งชาติ
529,2562,ตะวันออกเฉียงเหนือ,เพื่อดูแลผู้อื่น,4.4,พันคน,สำนักงานสถิติแห่งชาติ
530,2562,ตะวันออกเฉียงเหนือ,อื่นๆ,1.6,พันคน,สำนักงานสถิติแห่งชาติ
531,2562,ใต้,หางานทำ,22.8,พันคน,สำนักงานสถิติแห่งชาติ
532,2562,ใต้,ต้องการเปลี่ยนงาน,2.8,พันคน,สำนักงานสถิติแห่งชาติ
533,2562,ใต้,ต้องการรายได้เพิ่มขึ้น,5,พันคน,สำนักงานสถิติแห่งชาติ
534,2562,ใต้,หน้าที่การงาน,15.2,พันคน,สำนักงานสถิติแห่งชาติ
535,2562,ใต้,ศึกษาต่อ,2.7,พันคน,สำนักงานสถิติแห่งชาติ
536,2562,ใต้,ย้ายที่อยู่อาศัย,12.4,พันคน,สำนักงานสถิติแห่งชาติ
537,2562,ใต้,กลับภูมิลำเนา,15.5,พันคน,สำนักงานสถิติแห่งชาติ
538,2562,ใต้,ติดตามคนในครอบครัว,27.8,พันคน,สำนักงานสถิติแห่งชาติ
539,2562,ใต้,ทำกิจการครอบครัว,0.7,พันคน,สำนักงานสถิติแห่งชาติ
540,2562,ใต้,รักษาตัว,,พันคน,สำนักงานสถิติแห่งชาติ
541,2562,ใต้,ขาดคนดูแล,6.7,พันคน,สำนักงานสถิติแห่งชาติ
542,2562,ใต้,เพื่อดูแลผู้อื่น,1.5,พันคน,สำนักงานสถิติแห่งชาติ
543,2562,ใต้,อื่นๆ,4.4,พันคน,สำนักงานสถิติแห่งชาติ
544,2563,กรุงเทพมหานคร,หางานทำ,29.4,พันคน,สำนักงานสถิติแห่งชาติ
545,2563,กรุงเทพมหานคร,ต้องการเปลี่ยนงาน,5,พันคน,สำนักงานสถิติแห่งชาติ
546,2563,กรุงเทพมหานคร,ต้องการรายได้เพิ่มขึ้น,3,พันคน,สำนักงานสถิติแห่งชาติ
547,2563,กรุงเทพมหานคร,หน้าที่การงาน,10.4,พันคน,สำนักงานสถิติแห่งชาติ
548,2563,กรุงเทพมหานคร,ศึกษาต่อ,7.6,พันคน,สำนักงานสถิติแห่งชาติ
549,2563,กรุงเทพมหานคร,ย้ายที่อยู่อาศัย,2.9,พันคน,สำนักงานสถิติแห่งชาติ
550,2563,กรุงเทพมหานคร,กลับภูมิลำเนา,1.8,พันคน,สำนักงานสถิติแห่งชาติ
551,2563,กรุงเทพมหานคร,ติดตามคนในครอบครัว,13.8,พันคน,สำนักงานสถิติแห่งชาติ
552,2563,กรุงเทพมหานคร,ขาดคนดูแล,7.2,พันคน,สำนักงานสถิติแห่งชาติ
553,2563,กรุงเทพมหานคร,เพื่อดูแลผู้อื่น,2.1,พันคน,สำนักงานสถิติแห่งชาติ
554,2563,กรุงเทพมหานคร,อื่นๆ,1.1,พันคน,สำนักงานสถิติแห่งชาติ
555,2563,กลาง,หางานทำ,66.8,พันคน,สำนักงานสถิติแห่งชาติ
556,2563,กลาง,ต้องการเปลี่ยนงาน,22.5,พันคน,สำนักงานสถิติแห่งชาติ
557,2563,กลาง,ต้องการรายได้เพิ่มขึ้น,16.4,พันคน,สำนักงานสถิติแห่งชาติ
558,2563,กลาง,หน้าที่การงาน,40.1,พันคน,สำนักงานสถิติแห่งชาติ
559,2563,กลาง,ศึกษาต่อ,5.5,พันคน,สำนักงานสถิติแห่งชาติ
560,2563,กลาง,ย้ายที่อยู่อาศัย,91.7,พันคน,สำนักงานสถิติแห่งชาติ
561,2563,กลาง,กลับภูมิลำเนา,25,พันคน,สำนักงานสถิติแห่งชาติ
562,2563,กลาง,ติดตามคนในครอบครัว,78.6,พันคน,สำนักงานสถิติแห่งชาติ
563,2563,กลาง,ทำกิจการครอบครัว,0.9,พันคน,สำนักงานสถิติแห่งชาติ
564,2563,กลาง,รักษาตัว,2.1,พันคน,สำนักงานสถิติแห่งชาติ
565,2563,กลาง,ขาดคนดูแล,11.1,พันคน,สำนักงานสถิติแห่งชาติ
566,2563,กลาง,เพื่อดูแลผู้อื่น,5.9,พันคน,สำนักงานสถิติแห่งชาติ
567,2563,กลาง,อื่นๆ,12.6,พันคน,สำนักงานสถิติแห่งชาติ
568,2563,เหนือ,หางานทำ,17.6,พันคน,สำนักงานสถิติแห่งชาติ
569,2563,เหนือ,ต้องการเปลี่ยนงาน,8.5,พันคน,สำนักงานสถิติแห่งชาติ
570,2563,เหนือ,ต้องการรายได้เพิ่มขึ้น,3.8,พันคน,สำนักงานสถิติแห่งชาติ
571,2563,เหนือ,หน้าที่การงาน,16.5,พันคน,สำนักงานสถิติแห่งชาติ
572,2563,เหนือ,ศึกษาต่อ,6.6,พันคน,สำนักงานสถิติแห่งชาติ
573,2563,เหนือ,ย้ายที่อยู่อาศัย,14.4,พันคน,สำนักงานสถิติแห่งชาติ
574,2563,เหนือ,กลับภูมิลำเนา,42.6,พันคน,สำนักงานสถิติแห่งชาติ
575,2563,เหนือ,ติดตามคนในครอบครัว,44,พันคน,สำนักงานสถิติแห่งชาติ
576,2563,เหนือ,ทำกิจการครอบครัว,2.7,พันคน,สำนักงานสถิติแห่งชาติ
577,2563,เหนือ,รักษาตัว,1.1,พันคน,สำนักงานสถิติแห่งชาติ
578,2563,เหนือ,ขาดคนดูแล,3.4,พันคน,สำนักงานสถิติแห่งชาติ
579,2563,เหนือ,เพื่อดูแลผู้อื่น,5.8,พันคน,สำนักงานสถิติแห่งชาติ
580,2563,เหนือ,อื่นๆ,4.9,พันคน,สำนักงานสถิติแห่งชาติ
581,2563,ตะวันออกเฉียงเหนือ,หางานทำ,26.1,พันคน,สำนักงานสถิติแห่งชาติ
582,2563,ตะวันออกเฉียงเหนือ,ต้องการเปลี่ยนงาน,9.8,พันคน,สำนักงานสถิติแห่งชาติ
583,2563,ตะวันออกเฉียงเหนือ,ต้องการรายได้เพิ่มขึ้น,1.6,พันคน,สำนักงานสถิติแห่งชาติ
584,2563,ตะวันออกเฉียงเหนือ,หน้าที่การงาน,4,พันคน,สำนักงานสถิติแห่งชาติ
585,2563,ตะวันออกเฉียงเหนือ,ศึกษาต่อ,6.8,พันคน,สำนักงานสถิติแห่งชาติ
586,2563,ตะวันออกเฉียงเหนือ,ย้ายที่อยู่อาศัย,24,พันคน,สำนักงานสถิติแห่งชาติ
587,2563,ตะวันออกเฉียงเหนือ,กลับภูมิลำเนา,101.2,พันคน,สำนักงานสถิติแห่งชาติ
588,2563,ตะวันออกเฉียงเหนือ,ติดตามคนในครอบครัว,39.8,พันคน,สำนักงานสถิติแห่งชาติ
589,2563,ตะวันออกเฉียงเหนือ,ทำกิจการครอบครัว,1.1,พันคน,สำนักงานสถิติแห่งชาติ
590,2563,ตะวันออกเฉียงเหนือ,รักษาตัว,1.8,พันคน,สำนักงานสถิติแห่งชาติ
591,2563,ตะวันออกเฉียงเหนือ,ขาดคนดูแล,8.8,พันคน,สำนักงานสถิติแห่งชาติ
592,2563,ตะวันออกเฉียงเหนือ,เพื่อดูแลผู้อื่น,6.6,พันคน,สำนักงานสถิติแห่งชาติ
593,2563,ตะวันออกเฉียงเหนือ,อื่นๆ,15.3,พันคน,สำนักงานสถิติแห่งชาติ
594,2563,ใต้,หางานทำ,14.2,พันคน,สำนักงานสถิติแห่งชาติ
595,2563,ใต้,ต้องการเปลี่ยนงาน,3.2,พันคน,สำนักงานสถิติแห่งชาติ
596,2563,ใต้,ต้องการรายได้เพิ่มขึ้น,0.4,พันคน,สำนักงานสถิติแห่งชาติ
597,2563,ใต้,หน้าที่การงาน,13.9,พันคน,สำนักงานสถิติแห่งชาติ
598,2563,ใต้,ศึกษาต่อ,7.8,พันคน,สำนักงานสถิติแห่งชาติ
599,2563,ใต้,ย้ายที่อยู่อาศัย,22.1,พันคน,สำนักงานสถิติแห่งชาติ
600,2563,ใต้,กลับภูมิลำเนา,46.4,พันคน,สำนักงานสถิติแห่งชาติ
601,2563,ใต้,ติดตามคนในครอบครัว,40.4,พันคน,สำนักงานสถิติแห่งชาติ
602,2563,ใต้,ทำกิจการครอบครัว,0.1,พันคน,สำนักงานสถิติแห่งชาติ
603,2563,ใต้,รักษาตัว,0.9,พันคน,สำนักงานสถิติแห่งชาติ
604,2563,ใต้,ขาดคนดูแล,4.5,พันคน,สำนักงานสถิติแห่งชาติ
605,2563,ใต้,เพื่อดูแลผู้อื่น,5.1,พันคน,สำนักงานสถิติแห่งชาติ
606,2563,ใต้,อื่นๆ,8.5,พันคน,สำนักงานสถิติแห่งชาติ
607,2564,กรุงเทพมหานคร,หางานทำ,30.8,พันคน,สำนักงานสถิติแห่งชาติ
608,2564,กรุงเทพมหานคร,ต้องการเปลี่ยนงาน,1.7,พันคน,สำนักงานสถิติแห่งชาติ
609,2564,กรุงเทพมหานคร,หน้าที่การงาน,2.7,พันคน,สำนักงานสถิติแห่งชาติ
610,2564,กรุงเทพมหานคร,ศึกษาต่อ,1.1,พันคน,สำนักงานสถิติแห่งชาติ
611,2564,กรุงเทพมหานคร,ย้ายที่อยู่อาศัย,1.3,พันคน,สำนักงานสถิติแห่งชาติ
612,2564,กรุงเทพมหานคร,กลับภูมิลำเนา,2,พันคน,สำนักงานสถิติแห่งชาติ
613,2564,กรุงเทพมหานคร,ติดตามคนในครอบครัว,4.6,พันคน,สำนักงานสถิติแห่งชาติ
614,2564,กรุงเทพมหานคร,ทำกิจการครอบครัว,3.9,พันคน,สำนักงานสถิติแห่งชาติ
615,2564,กรุงเทพมหานคร,ขาดคนดูแล,0.9,พันคน,สำนักงานสถิติแห่งชาติ
616,2564,กลาง,หางานทำ,47.4,พันคน,สำนักงานสถิติแห่งชาติ
617,2564,กลาง,ต้องการเปลี่ยนงาน,15.7,พันคน,สำนักงานสถิติแห่งชาติ
618,2564,กลาง,ต้องการรายได้เพิ่มขึ้น,2.5,พันคน,สำนักงานสถิติแห่งชาติ
619,2564,กลาง,หน้าที่การงาน,32.5,พันคน,สำนักงานสถิติแห่งชาติ
620,2564,กลาง,ศึกษาต่อ,2.4,พันคน,สำนักงานสถิติแห่งชาติ
621,2564,กลาง,ย้ายที่อยู่อาศัย,44.9,พันคน,สำนักงานสถิติแห่งชาติ
622,2564,กลาง,กลับภูมิลำเนา,15.4,พันคน,สำนักงานสถิติแห่งชาติ
623,2564,กลาง,ติดตามคนในครอบครัว,34,พันคน,สำนักงานสถิติแห่งชาติ
624,2564,กลาง,ทำกิจการครอบครัว,1.9,พันคน,สำนักงานสถิติแห่งชาติ
625,2564,กลาง,รักษาตัว,0.6,พันคน,สำนักงานสถิติแห่งชาติ
626,2564,กลาง,ขาดคนดูแล,4.1,พันคน,สำนักงานสถิติแห่งชาติ
627,2564,กลาง,เพื่อดูแลผู้อื่น,3.1,พันคน,สำนักงานสถิติแห่งชาติ
628,2564,กลาง,อื่นๆ,9.3,พันคน,สำนักงานสถิติแห่งชาติ
629,2564,เหนือ,หางานทำ,5.2,พันคน,สำนักงานสถิติแห่งชาติ
630,2564,เหนือ,ต้องการเปลี่ยนงาน,5.6,พันคน,สำนักงานสถิติแห่งชาติ
631,2564,เหนือ,ต้องการรายได้เพิ่มขึ้น,0.4,พันคน,สำนักงานสถิติแห่งชาติ
632,2564,เหนือ,หน้าที่การงาน,6.1,พันคน,สำนักงานสถิติแห่งชาติ
633,2564,เหนือ,ศึกษาต่อ,5.9,พันคน,สำนักงานสถิติแห่งชาติ
634,2564,เหนือ,ย้ายที่อยู่อาศัย,9.9,พันคน,สำนักงานสถิติแห่งชาติ
635,2564,เหนือ,กลับภูมิลำเนา,31.7,พันคน,สำนักงานสถิติแห่งชาติ
636,2564,เหนือ,ติดตามคนในครอบครัว,24.4,พันคน,สำนักงานสถิติแห่งชาติ
637,2564,เหนือ,ทำกิจการครอบครัว,1.9,พันคน,สำนักงานสถิติแห่งชาติ
638,2564,เหนือ,รักษาตัว,0.5,พันคน,สำนักงานสถิติแห่งชาติ
639,2564,เหนือ,ขาดคนดูแล,2.7,พันคน,สำนักงานสถิติแห่งชาติ
640,2564,เหนือ,เพื่อดูแลผู้อื่น,6,พันคน,สำนักงานสถิติแห่งชาติ
641,2564,เหนือ,อื่นๆ,9.9,พันคน,สำนักงานสถิติแห่งชาติ
642,2564,ตะวันออกเฉียงเหนือ,หางานทำ,4.5,พันคน,สำนักงานสถิติแห่งชาติ
643,2564,ตะวันออกเฉียงเหนือ,ต้องการเปลี่ยนงาน,4.9,พันคน,สำนักงานสถิติแห่งชาติ
644,2564,ตะวันออกเฉียงเหนือ,ต้องการรายได้เพิ่มขึ้น,0.1,พันคน,สำนักงานสถิติแห่งชาติ
645,2564,ตะวันออกเฉียงเหนือ,หน้าที่การงาน,6.8,พันคน,สำนักงานสถิติแห่งชาติ
646,2564,ตะวันออกเฉียงเหนือ,ศึกษาต่อ,4.3,พันคน,สำนักงานสถิติแห่งชาติ
647,2564,ตะวันออกเฉียงเหนือ,ย้ายที่อยู่อาศัย,19.4,พันคน,สำนักงานสถิติแห่งชาติ
648,2564,ตะวันออกเฉียงเหนือ,กลับภูมิลำเนา,79,พันคน,สำนักงานสถิติแห่งชาติ
649,2564,ตะวันออกเฉียงเหนือ,ติดตามคนในครอบครัว,27.7,พันคน,สำนักงานสถิติแห่งชาติ
650,2564,ตะวันออกเฉียงเหนือ,ทำกิจการครอบครัว,0.4,พันคน,สำนักงานสถิติแห่งชาติ
651,2564,ตะวันออกเฉียงเหนือ,รักษาตัว,4.8,พันคน,สำนักงานสถิติแห่งชาติ
652,2564,ตะวันออกเฉียงเหนือ,ขาดคนดูแล,2.8,พันคน,สำนักงานสถิติแห่งชาติ
653,2564,ตะวันออกเฉียงเหนือ,เพื่อดูแลผู้อื่น,4.8,พันคน,สำนักงานสถิติแห่งชาติ
654,2564,ตะวันออกเฉียงเหนือ,อื่นๆ,28.1,พันคน,สำนักงานสถิติแห่งชาติ
655,2564,ใต้,หางานทำ,10.5,พันคน,สำนักงานสถิติแห่งชาติ
656,2564,ใต้,ต้องการเปลี่ยนงาน,2.2,พันคน,สำนักงานสถิติแห่งชาติ
657,2564,ใต้,ต้องการรายได้เพิ่มขึ้น,0.4,พันคน,สำนักงานสถิติแห่งชาติ
658,2564,ใต้,หน้าที่การงาน,7.4,พันคน,สำนักงานสถิติแห่งชาติ
659,2564,ใต้,ศึกษาต่อ,6,พันคน,สำนักงานสถิติแห่งชาติ
660,2564,ใต้,ย้ายที่อยู่อาศัย,17,พันคน,สำนักงานสถิติแห่งชาติ
661,2564,ใต้,กลับภูมิลำเนา,24.2,พันคน,สำนักงานสถิติแห่งชาติ
662,2564,ใต้,ติดตามคนในครอบครัว,28,พันคน,สำนักงานสถิติแห่งชาติ
663,2564,ใต้,ทำกิจการครอบครัว,0.1,พันคน,สำนักงานสถิติแห่งชาติ
664,2564,ใต้,รักษาตัว,0.4,พันคน,สำนักงานสถิติแห่งชาติ
665,2564,ใต้,ขาดคนดูแล,3.9,พันคน,สำนักงานสถิติแห่งชาติ
666,2564,ใต้,เพื่อดูแลผู้อื่น,0.6,พันคน,สำนักงานสถิติแห่งชาติ
667,2564,ใต้,อื่นๆ,5.7,พันคน,สำนักงานสถิติแห่งชาติ
668,2565,กรุงเทพมหานคร,หางานทำ,29,พันคน,สำนักงานสถิติแห่งชาติ
669,2565,กรุงเทพมหานคร,หน้าที่การงาน,10.2,พันคน,สำนักงานสถิติแห่งชาติ
670,2565,กรุงเทพมหานคร,ศึกษาต่อ,9,พันคน,สำนักงานสถิติแห่งชาติ
671,2565,กรุงเทพมหานคร,ติดตามคนในครอบครัว,3.7,พันคน,สำนักงานสถิติแห่งชาติ
672,2565,กรุงเทพมหานคร,ขาดคนดูแล,2.1,พันคน,สำนักงานสถิติแห่งชาติ
673,2565,กรุงเทพมหานคร,เพื่อดูแลผู้อื่น,1.2,พันคน,สำนักงานสถิติแห่งชาติ
674,2565,กลาง,หางานทำ,80.2,พันคน,สำนักงานสถิติแห่งชาติ
675,2565,กลาง,ต้องการเปลี่ยนงาน,26.4,พันคน,สำนักงานสถิติแห่งชาติ
676,2565,กลาง,ต้องการรายได้เพิ่มขึ้น,7.5,พันคน,สำนักงานสถิติแห่งชาติ
677,2565,กลาง,หน้าที่การงาน,33.1,พันคน,สำนักงานสถิติแห่งชาติ
678,2565,กลาง,ศึกษาต่อ,17.7,พันคน,สำนักงานสถิติแห่งชาติ
679,2565,กลาง,ย้ายที่อยู่อาศัย,89.8,พันคน,สำนักงานสถิติแห่งชาติ
680,2565,กลาง,กลับภูมิลำเนา,13.8,พันคน,สำนักงานสถิติแห่งชาติ
681,2565,กลาง,ติดตามคนในครอบครัว,58.1,พันคน,สำนักงานสถิติแห่งชาติ
682,2565,กลาง,ทำกิจการครอบครัว,3.5,พันคน,สำนักงานสถิติแห่งชาติ
683,2565,กลาง,รักษาตัว,1.8,พันคน,สำนักงานสถิติแห่งชาติ
684,2565,กลาง,ขาดคนดูแล,4,พันคน,สำนักงานสถิติแห่งชาติ
685,2565,กลาง,เพื่อดูแลผู้อื่น,3.7,พันคน,สำนักงานสถิติแห่งชาติ
686,2565,กลาง,อื่นๆ,5.6,พันคน,สำนักงานสถิติแห่งชาติ
687,2565,เหนือ,หางานทำ,11.6,พันคน,สำนักงานสถิติแห่งชาติ
688,2565,เหนือ,ต้องการเปลี่ยนงาน,3,พันคน,สำนักงานสถิติแห่งชาติ
689,2565,เหนือ,ต้องการรายได้เพิ่มขึ้น,0.8,พันคน,สำนักงานสถิติแห่งชาติ
690,2565,เหนือ,หน้าที่การงาน,14.2,พันคน,สำนักงานสถิติแห่งชาติ
691,2565,เหนือ,ศึกษาต่อ,5.4,พันคน,สำนักงานสถิติแห่งชาติ
692,2565,เหนือ,ย้ายที่อยู่อาศัย,17.7,พันคน,สำนักงานสถิติแห่งชาติ
693,2565,เหนือ,กลับภูมิลำเนา,33.1,พันคน,สำนักงานสถิติแห่งชาติ
694,2565,เหนือ,ติดตามคนในครอบครัว,28,พันคน,สำนักงานสถิติแห่งชาติ
695,2565,เหนือ,ทำกิจการครอบครัว,0.7,พันคน,สำนักงานสถิติแห่งชาติ
696,2565,เหนือ,รักษาตัว,1.9,พันคน,สำนักงานสถิติแห่งชาติ
697,2565,เหนือ,ขาดคนดูแล,3.5,พันคน,สำนักงานสถิติแห่งชาติ
698,2565,เหนือ,เพื่อดูแลผู้อื่น,2.2,พันคน,สำนักงานสถิติแห่งชาติ
699,2565,เหนือ,อื่นๆ,3.7,พันคน,สำนักงานสถิติแห่งชาติ
700,2565,ตะวันออกเฉียงเหนือ,หางานทำ,6.4,พันคน,สำนักงานสถิติแห่งชาติ
701,2565,ตะวันออกเฉียงเหนือ,ต้องการเปลี่ยนงาน,1.1,พันคน,สำนักงานสถิติแห่งชาติ
702,2565,ตะวันออกเฉียงเหนือ,ต้องการรายได้เพิ่มขึ้น,0.4,พันคน,สำนักงานสถิติแห่งชาติ
703,2565,ตะวันออกเฉียงเหนือ,หน้าที่การงาน,12.4,พันคน,สำนักงานสถิติแห่งชาติ
704,2565,ตะวันออกเฉียงเหนือ,ศึกษาต่อ,13.8,พันคน,สำนักงานสถิติแห่งชาติ
705,2565,ตะวันออกเฉียงเหนือ,ย้ายที่อยู่อาศัย,17.1,พันคน,สำนักงานสถิติแห่งชาติ
706,2565,ตะวันออกเฉียงเหนือ,กลับภูมิลำเนา,33.2,พันคน,สำนักงานสถิติแห่งชาติ
707,2565,ตะวันออกเฉียงเหนือ,ติดตามคนในครอบครัว,28.4,พันคน,สำนักงานสถิติแห่งชาติ
708,2565,ตะวันออกเฉียงเหนือ,ทำกิจการครอบครัว,2.3,พันคน,สำนักงานสถิติแห่งชาติ
709,2565,ตะวันออกเฉียงเหนือ,รักษาตัว,1,พันคน,สำนักงานสถิติแห่งชาติ
710,2565,ตะวันออกเฉียงเหนือ,ขาดคนดูแล,11.5,พันคน,สำนักงานสถิติแห่งชาติ
711,2565,ตะวันออกเฉียงเหนือ,เพื่อดูแลผู้อื่น,3,พันคน,สำนักงานสถิติแห่งชาติ
712,2565,ตะวันออกเฉียงเหนือ,อื่นๆ,1.5,พันคน,สำนักงานสถิติแห่งชาติ
713,2565,ใต้,หางานทำ,25.7,พันคน,สำนักงานสถิติแห่งชาติ
714,2565,ใต้,ต้องการเปลี่ยนงาน,6.6,พันคน,สำนักงานสถิติแห่งชาติ
715,2565,ใต้,ต้องการรายได้เพิ่มขึ้น,0.5,พันคน,สำนักงานสถิติแห่งชาติ
716,2565,ใต้,หน้าที่การงาน,12.4,พันคน,สำนักงานสถิติแห่งชาติ
717,2565,ใต้,ศึกษาต่อ,8.5,พันคน,สำนักงานสถิติแห่งชาติ
718,2565,ใต้,ย้ายที่อยู่อาศัย,29.3,พันคน,สำนักงานสถิติแห่งชาติ
719,2565,ใต้,กลับภูมิลำเนา,20.1,พันคน,สำนักงานสถิติแห่งชาติ
720,2565,ใต้,ติดตามคนในครอบครัว,42.5,พันคน,สำนักงานสถิติแห่งชาติ
721,2565,ใต้,ทำกิจการครอบครัว,0.2,พันคน,สำนักงานสถิติแห่งชาติ
722,2565,ใต้,รักษาตัว,0.8,พันคน,สำนักงานสถิติแห่งชาติ
723,2565,ใต้,ขาดคนดูแล,1.5,พันคน,สำนักงานสถิติแห่งชาติ
724,2565,ใต้,เพื่อดูแลผู้อื่น,1,พันคน,สำนักงานสถิติแห่งชาติ
725,2565,ใต้,อื่นๆ,1.7,พันคน,สำนักงานสถิติแห่งชาติ
726,2566,กรุงเทพมหานคร,หางานทำ,23.3,พันคน,สำนักงานสถิติแห่งชาติ
727,2566,กรุงเทพมหานคร,ต้องการเปลี่ยนงาน,4.4,พันคน,สำนักงานสถิติแห่งชาติ
728,2566,กรุงเทพมหานคร,ต้องการรายได้เพิ่มขึ้น,3.7,พันคน,สำนักงานสถิติแห่งชาติ
729,2566,กรุงเทพมหานคร,หน้าที่การงาน,3.8,พันคน,สำนักงานสถิติแห่งชาติ
730,2566,กรุงเทพมหานคร,ศึกษาต่อ,9,พันคน,สำนักงานสถิติแห่งชาติ
731,2566,กรุงเทพมหานคร,ย้ายที่อยู่อาศัย,3.2,พันคน,สำนักงานสถิติแห่งชาติ
732,2566,กรุงเทพมหานคร,กลับภูมิลำเนา,,พันคน,สำนักงานสถิติแห่งชาติ
733,2566,กรุงเทพมหานคร,ติดตามคนในครอบครัว,,พันคน,สำนักงานสถิติแห่งชาติ
734,2566,กรุงเทพมหานคร,ทำกิจการครอบครัว,,พันคน,สำนักงานสถิติแห่งชาติ
735,2566,กรุงเทพมหานคร,รักษาตัว,0.7,พันคน,สำนักงานสถิติแห่งชาติ
736,2566,กรุงเทพมหานคร,ขาดคนดูแล,4.9,พันคน,สำนักงานสถิติแห่งชาติ
737,2566,กรุงเทพมหานคร,เพื่อดูแลผู้อื่น,1,พันคน,สำนักงานสถิติแห่งชาติ
738,2566,กรุงเทพมหานคร,อื่นๆ,3.7,พันคน,สำนักงานสถิติแห่งชาติ
739,2566,กลาง,หางานทำ,115.1,พันคน,สำนักงานสถิติแห่งชาติ
740,2566,กลาง,ต้องการเปลี่ยนงาน,40.2,พันคน,สำนักงานสถิติแห่งชาติ
741,2566,กลาง,ต้องการรายได้เพิ่มขึ้น,14.7,พันคน,สำนักงานสถิติแห่งชาติ
742,2566,กลาง,หน้าที่การงาน,67.2,พันคน,สำนักงานสถิติแห่งชาติ
743,2566,กลาง,ศึกษาต่อ,9.1,พันคน,สำนักงานสถิติแห่งชาติ
744,2566,กลาง,ย้ายที่อยู่อาศัย,92,พันคน,สำนักงานสถิติแห่งชาติ
745,2566,กลาง,กลับภูมิลำเนา,16.7,พันคน,สำนักงานสถิติแห่งชาติ
746,2566,กลาง,ติดตามคนในครอบครัว,95.2,พันคน,สำนักงานสถิติแห่งชาติ
747,2566,กลาง,ทำกิจการครอบครัว,0.3,พันคน,สำนักงานสถิติแห่งชาติ
748,2566,กลาง,รักษาตัว,2.3,พันคน,สำนักงานสถิติแห่งชาติ
749,2566,กลาง,ขาดคนดูแล,3.3,พันคน,สำนักงานสถิติแห่งชาติ
750,2566,กลาง,เพื่อดูแลผู้อื่น,5.7,พันคน,สำนักงานสถิติแห่งชาติ
751,2566,กลาง,อื่นๆ,8.5,พันคน,สำนักงานสถิติแห่งชาติ
752,2566,เหนือ,หางานทำ,5.8,พันคน,สำนักงานสถิติแห่งชาติ
753,2566,เหนือ,ต้องการเปลี่ยนงาน,6.1,พันคน,สำนักงานสถิติแห่งชาติ
754,2566,เหนือ,ต้องการรายได้เพิ่มขึ้น,1.7,พันคน,สำนักงานสถิติแห่งชาติ
755,2566,เหนือ,หน้าที่การงาน,14.7,พันคน,สำนักงานสถิติแห่งชาติ
756,2566,เหนือ,ศึกษาต่อ,8.7,พันคน,สำนักงานสถิติแห่งชาติ
757,2566,เหนือ,ย้ายที่อยู่อาศัย,21.8,พันคน,สำนักงานสถิติแห่งชาติ
758,2566,เหนือ,กลับภูมิลำเนา,49.6,พันคน,สำนักงานสถิติแห่งชาติ
759,2566,เหนือ,ติดตามคนในครอบครัว,28.1,พันคน,สำนักงานสถิติแห่งชาติ
760,2566,เหนือ,ทำกิจการครอบครัว,1.4,พันคน,สำนักงานสถิติแห่งชาติ
761,2566,เหนือ,รักษาตัว,2,พันคน,สำนักงานสถิติแห่งชาติ
762,2566,เหนือ,ขาดคนดูแล,2.5,พันคน,สำนักงานสถิติแห่งชาติ
763,2566,เหนือ,เพื่อดูแลผู้อื่น,9.9,พันคน,สำนักงานสถิติแห่งชาติ
764,2566,เหนือ,อื่นๆ,0.4,พันคน,สำนักงานสถิติแห่งชาติ
765,2566,ตะวันออกเฉียงเหนือ,หางานทำ,14.8,พันคน,สำนักงานสถิติแห่งชาติ
766,2566,ตะวันออกเฉียงเหนือ,ต้องการเปลี่ยนงาน,1.3,พันคน,สำนักงานสถิติแห่งชาติ
767,2566,ตะวันออกเฉียงเหนือ,ต้องการรายได้เพิ่มขึ้น,1.2,พันคน,สำนักงานสถิติแห่งชาติ
768,2566,ตะวันออกเฉียงเหนือ,หน้าที่การงาน,4.5,พันคน,สำนักงานสถิติแห่งชาติ
769,2566,ตะวันออกเฉียงเหนือ,ศึกษาต่อ,14.2,พันคน,สำนักงานสถิติแห่งชาติ
770,2566,ตะวันออกเฉียงเหนือ,ย้ายที่อยู่อาศัย,19.2,พันคน,สำนักงานสถิติแห่งชาติ
771,2566,ตะวันออกเฉียงเหนือ,กลับภูมิลำเนา,41.6,พันคน,สำนักงานสถิติแห่งชาติ
772,2566,ตะวันออกเฉียงเหนือ,ติดตามคนในครอบครัว,25.6,พันคน,สำนักงานสถิติแห่งชาติ
773,2566,ตะวันออกเฉียงเหนือ,ทำกิจการครอบครัว,0.7,พันคน,สำนักงานสถิติแห่งชาติ
774,2566,ตะวันออกเฉียงเหนือ,รักษาตัว,1.1,พันคน,สำนักงานสถิติแห่งชาติ
775,2566,ตะวันออกเฉียงเหนือ,ขาดคนดูแล,7.9,พันคน,สำนักงานสถิติแห่งชาติ
776,2566,ตะวันออกเฉียงเหนือ,เพื่อดูแลผู้อื่น,6.7,พันคน,สำนักงานสถิติแห่งชาติ
777,2566,ตะวันออกเฉียงเหนือ,อื่นๆ,1.9,พันคน,สำนักงานสถิติแห่งชาติ
778,2566,ใต้,หางานทำ,27.3,พันคน,สำนักงานสถิติแห่งชาติ
779,2566,ใต้,ต้องการเปลี่ยนงาน,2.8,พันคน,สำนักงานสถิติแห่งชาติ
780,2566,ใต้,ต้องการรายได้เพิ่มขึ้น,4.3,พันคน,สำนักงานสถิติแห่งชาติ
781,2566,ใต้,หน้าที่การงาน,17.2,พันคน,สำนักงานสถิติแห่งชาติ
782,2566,ใต้,ศึกษาต่อ,6.7,พันคน,สำนักงานสถิติแห่งชาติ
783,2566,ใต้,ย้ายที่อยู่อาศัย,21.1,พันคน,สำนักงานสถิติแห่งชาติ
784,2566,ใต้,กลับภูมิลำเนา,22.5,พันคน,สำนักงานสถิติแห่งชาติ
785,2566,ใต้,ติดตามคนในครอบครัว,47.4,พันคน,สำนักงานสถิติแห่งชาติ
786,2566,ใต้,ทำกิจการครอบครัว,2,พันคน,สำนักงานสถิติแห่งชาติ
787,2566,ใต้,รักษาตัว,0.2,พันคน,สำนักงานสถิติแห่งชาติ
788,2566,ใต้,ขาดคนดูแล,3.5,พันคน,สำนักงานสถิติแห่งชาติ
789,2566,ใต้,เพื่อดูแลผู้อื่น,3.6,พันคน,สำนักงานสถิติแห่งชาติ
790,2566,ใต้,อื่นๆ,1.5,พันคน,สำนักงานสถิติแห่งชาติ
791,2567,กรุงเทพมหานคร,หางานทำ,26.9,พันคน,สำนักงานสถิติแห่งชาติ
792,2567,กรุงเทพมหานคร,ต้องการเปลี่ยนงาน,,พันคน,สำนักงานสถิติแห่งชาติ
793,2567,กรุงเทพมหานคร,ต้องการรายได้เพิ่มขึ้น,,พันคน,สำนักงานสถิติแห่งชาติ
794,2567,กรุงเทพมหานคร,หน้าที่การงาน,5.1,พันคน,สำนักงานสถิติแห่งชาติ
795,2567,กรุงเทพมหานคร,ศึกษาต่อ,9.5,พันคน,สำนักงานสถิติแห่งชาติ
796,2567,กรุงเทพมหานคร,ย้ายที่อยู่อาศัย,0.8,พันคน,สำนักงานสถิติแห่งชาติ
797,2567,กรุงเทพมหานคร,กลับภูมิลำเนา,,พันคน,สำนักงานสถิติแห่งชาติ
798,2567,กรุงเทพมหานคร,ติดตามคนในครอบครัว,2.3,พันคน,สำนักงานสถิติแห่งชาติ
799,2567,กรุงเทพมหานคร,ทำกิจการครอบครัว,,พันคน,สำนักงานสถิติแห่งชาติ
800,2567,กรุงเทพมหานคร,รักษาตัว,,พันคน,สำนักงานสถิติแห่งชาติ
801,2567,กรุงเทพมหานคร,ขาดคนดูแล,,พันคน,สำนักงานสถิติแห่งชาติ
802,2567,กรุงเทพมหานคร,เพื่อดูแลผู้อื่น,,พันคน,สำนักงานสถิติแห่งชาติ
803,2567,กรุงเทพมหานคร,อื่นๆ,3.2,พันคน,สำนักงานสถิติแห่งชาติ
804,2567,กลาง,หางานทำ,112,พันคน,สำนักงานสถิติแห่งชาติ
805,2567,กลาง,ต้องการเปลี่ยนงาน,23.6,พันคน,สำนักงานสถิติแห่งชาติ
806,2567,กลาง,ต้องการรายได้เพิ่มขึ้น,10.9,พันคน,สำนักงานสถิติแห่งชาติ
807,2567,กลาง,หน้าที่การงาน,41.9,พันคน,สำนักงานสถิติแห่งชาติ
808,2567,กลาง,ศึกษาต่อ,26.3,พันคน,สำนักงานสถิติแห่งชาติ
809,2567,กลาง,ย้ายที่อยู่อาศัย,82.7,พันคน,สำนักงานสถิติแห่งชาติ
810,2567,กลาง,กลับภูมิลำเนา,15.6,พันคน,สำนักงานสถิติแห่งชาติ
811,2567,กลาง,ติดตามคนในครอบครัว,81.4,พันคน,สำนักงานสถิติแห่งชาติ
812,2567,กลาง,ทำกิจการครอบครัว,2.6,พันคน,สำนักงานสถิติแห่งชาติ
813,2567,กลาง,รักษาตัว,2.9,พันคน,สำนักงานสถิติแห่งชาติ
814,2567,กลาง,ขาดคนดูแล,6.2,พันคน,สำนักงานสถิติแห่งชาติ
815,2567,กลาง,เพื่อดูแลผู้อื่น,7.2,พันคน,สำนักงานสถิติแห่งชาติ
816,2567,กลาง,อื่นๆ,4.9,พันคน,สำนักงานสถิติแห่งชาติ
817,2567,เหนือ,หางานทำ,3.1,พันคน,สำนักงานสถิติแห่งชาติ
818,2567,เหนือ,ต้องการเปลี่ยนงาน,2.4,พันคน,สำนักงานสถิติแห่งชาติ
819,2567,เหนือ,ต้องการรายได้เพิ่มขึ้น,1.5,พันคน,สำนักงานสถิติแห่งชาติ
820,2567,เหนือ,หน้าที่การงาน,12.9,พันคน,สำนักงานสถิติแห่งชาติ
821,2567,เหนือ,ศึกษาต่อ,10.2,พันคน,สำนักงานสถิติแห่งชาติ
822,2567,เหนือ,ย้ายที่อยู่อาศัย,15.8,พันคน,สำนักงานสถิติแห่งชาติ
823,2567,เหนือ,กลับภูมิลำเนา,35.2,พันคน,สำนักงานสถิติแห่งชาติ
824,2567,เหนือ,ติดตามคนในครอบครัว,25.6,พันคน,สำนักงานสถิติแห่งชาติ
825,2567,เหนือ,ทำกิจการครอบครัว,1.9,พันคน,สำนักงานสถิติแห่งชาติ
826,2567,เหนือ,รักษาตัว,1.5,พันคน,สำนักงานสถิติแห่งชาติ
827,2567,เหนือ,ขาดคนดูแล,4.6,พันคน,สำนักงานสถิติแห่งชาติ
828,2567,เหนือ,เพื่อดูแลผู้อื่น,4.4,พันคน,สำนักงานสถิติแห่งชาติ
829,2567,เหนือ,อื่นๆ,0.9,พันคน,สำนักงานสถิติแห่งชาติ
830,2567,ตะวันออกเฉียงเหนือ,หางานทำ,4.7,พันคน,สำนักงานสถิติแห่งชาติ
831,2567,ตะวันออกเฉียงเหนือ,ต้องการเปลี่ยนงาน,6.7,พันคน,สำนักงานสถิติแห่งชาติ
832,2567,ตะวันออกเฉียงเหนือ,ต้องการรายได้เพิ่มขึ้น,0.1,พันคน,สำนักงานสถิติแห่งชาติ
833,2567,ตะวันออกเฉียงเหนือ,หน้าที่การงาน,6.1,พันคน,สำนักงานสถิติแห่งชาติ
834,2567,ตะวันออกเฉียงเหนือ,ศึกษาต่อ,6.7,พันคน,สำนักงานสถิติแห่งชาติ
835,2567,ตะวันออกเฉียงเหนือ,ย้ายที่อยู่อาศัย,6.7,พันคน,สำนักงานสถิติแห่งชาติ
836,2567,ตะวันออกเฉียงเหนือ,กลับภูมิลำเนา,21.3,พันคน,สำนักงานสถิติแห่งชาติ
837,2567,ตะวันออกเฉียงเหนือ,ติดตามคนในครอบครัว,23.2,พันคน,สำนักงานสถิติแห่งชาติ
838,2567,ตะวันออกเฉียงเหนือ,ทำกิจการครอบครัว,,พันคน,สำนักงานสถิติแห่งชาติ
839,2567,ตะวันออกเฉียงเหนือ,รักษาตัว,0.7,พันคน,สำนักงานสถิติแห่งชาติ
840,2567,ตะวันออกเฉียงเหนือ,ขาดคนดูแล,7.2,พันคน,สำนักงานสถิติแห่งชาติ
841,2567,ตะวันออกเฉียงเหนือ,เพื่อดูแลผู้อื่น,5.2,พันคน,สำนักงานสถิติแห่งชาติ
842,2567,ตะวันออกเฉียงเหนือ,อื่นๆ,3.9,พันคน,สำนักงานสถิติแห่งชาติ
843,2567,ใต้,หางานทำ,13.1,พันคน,สำนักงานสถิติแห่งชาติ
844,2567,ใต้,ต้องการเปลี่ยนงาน,5.1,พันคน,สำนักงานสถิติแห่งชาติ
845,2567,ใต้,ต้องการรายได้เพิ่มขึ้น,0.4,พันคน,สำนักงานสถิติแห่งชาติ
846,2567,ใต้,หน้าที่การงาน,10.1,พันคน,สำนักงานสถิติแห่งชาติ
847,2567,ใต้,ศึกษาต่อ,7.4,พันคน,สำนักงานสถิติแห่งชาติ
848,2567,ใต้,ย้ายที่อยู่อาศัย,20.3,พันคน,สำนักงานสถิติแห่งชาติ
849,2567,ใต้,กลับภูมิลำเนา,17.3,พันคน,สำนักงานสถิติแห่งชาติ
850,2567,ใต้,ติดตามคนในครอบครัว,40.9,พันคน,สำนักงานสถิติแห่งชาติ
851,2567,ใต้,ทำกิจการครอบครัว,0.4,พันคน,สำนักงานสถิติแห่งชาติ
852,2567,ใต้,รักษาตัว,,พันคน,สำนักงานสถิติแห่งชาติ
853,2567,ใต้,ขาดคนดูแล,2.9,พันคน,สำนักงานสถิติแห่งชาติ
854,2567,ใต้,เพื่อดูแลผู้อื่น,1.6,พันคน,สำนักงานสถิติแห่งชาติ
855,2567,ใต้,อื่นๆ,0.5,พันคน,สำนักงานสถิติแห่งชาติ
